id,domain,title,authors,year,venue,link,evidence,problem,architecture,detection,tracking,control,sensors,disturbance_model,setup,metrics,results,limitations,relevance,reusable_concept,not_solved,realtime_suitability
L001,B PAT survey,"A Survey on Acquisition, Tracking, and Pointing Mechanisms for Mobile Free-Space Optical Communications","Y Kaymak, R Rojas-Cessa, J Feng, N Ansari, M Zhou, T Zhang",2018,IEEE Communications Surveys & Tutorials,https://doi.org/10.1109/comst.2018.2804323,metadata,Survey of ATP mechanisms for mobile FSO,"Survey: mechanical, optical, hybrid ATP; GPS-aided and vision-aided approaches",Not reported (no abstract in retrieved metadata; verify in full text),Not reported (no abstract in retrieved metadata; verify in full text),Not reported (no abstract in retrieved metadata; verify in full text),Not reported (no abstract in retrieved metadata; verify in full text),Not reported (no abstract in retrieved metadata; verify in full text),Survey,Not reported,Not reported,Not reported,H - canonical reference framing coarse vs fine ATP for mobile FSO,Taxonomy of coarse/fine stages; motivation slide,No quantitative coarse-camera benchmark,n/a (survey)
L002,K UAV PAT survey,"A review on pointing, acquisition, and tracking approaches in UAV-based FSO communication systems","R Abdelfatah, N Alshaer, T Ismail",2022,Optical and Quantum Electronics,https://doi.org/10.1007/s11082-022-03968-2,abstract,"PAT for UAV-based FSO links (narrow LoS, platform motion)",Review of PAT approaches for UAV FSO,Not reported,Not reported,Not reported,Not reported,"UAV motion, hovering fluctuations (per abstract context)",Review,Not reported,Not reported,Not reported,H - mobile-platform PAT context directly matches PS,Categorisation of UAV PAT; hovering-induced pointing error,No camera-level acquisition algorithm benchmark,n/a (review)
L003,B PAT survey,"Survey on acquisition, tracking and pointing (ATP) systems and beam profile correction techniques in FSO communication systems","SVK Eguri, AB Raj A, N Sharma",2022,Journal of Optical Communications,https://doi.org/10.1515/joc-2021-0222,abstract,Overview of ATP systems and beam-profile correction,Survey,Not reported,Not reported,Not reported,Not reported,Not reported,Survey,Not reported,Not reported,Not reported,M - background on ATP subsystems,ATP subsystem vocabulary,No algorithm-level comparison,n/a
L004,M ISL terminals,"A Survey on Laser Space Network: Terminals, Links, and Architectures","R Li, B Lin, Y Liu, M Dong, S Zhao",2022,IEEE Access,https://doi.org/10.1109/access.2022.3162917,metadata,Laser space networks: terminals and links,Survey,Not reported (no abstract in retrieved metadata; verify in full text),Not reported (no abstract in retrieved metadata; verify in full text),Not reported (no abstract in retrieved metadata; verify in full text),Not reported (no abstract in retrieved metadata; verify in full text),Not reported (no abstract in retrieved metadata; verify in full text),Survey,Not reported,Not reported,Not reported,M - terminal architectures (coarse pointing assembly + fine stage),Terminal block diagrams for 'future HIL' slide,No coarse-camera tracking algorithms,n/a
L005,X fine pointing,A Review of Mechanical Fine-Pointing Actuators for Free-Space Optical Communication,"M Milaševičius, L Mačiulis",2023,Aerospace,https://doi.org/10.3390/aerospace11010005,abstract,Fine beam-steering mechanisms for satellite FSO,Review; FSMs most popular; electrostatic/electromagnetic/piezo actuation,Not reported,Not reported,FSM actuation principles,Not reported,Space environment,Not reported,Not reported,FSMs dominate; limited public data on COTS FSMs in space,Review scope: fine stage only,M - defines the hand-over from coarse (our scope) to fine stage,Coarse->fine hand-over requirement: keep beacon within fine-sensor FOV,Coarse acquisition not covered,n/a
L006,A FSO survey,"A Survey of Free Space Optics (FSO) Communication Systems, Links, and Networks","SA Al-Gailani, MF Mohd Salleh, AA Salem, RQ Shaddad, UU Sheikh, NA Algeelani et al.",2021,IEEE Access,https://doi.org/10.1109/access.2020.3048049,metadata,FSO systems survey,Not reported (no abstract in retrieved metadata; verify in full text),Not reported (no abstract in retrieved metadata; verify in full text),Not reported (no abstract in retrieved metadata; verify in full text),Not reported (no abstract in retrieved metadata; verify in full text),Not reported (no abstract in retrieved metadata; verify in full text),Not reported (no abstract in retrieved metadata; verify in full text),Survey,Not reported,Not reported,Not reported,M - FSO motivation and atmospheric channel background,Atmospheric impairment taxonomy,No PAT benchmark,n/a
L007,J missions,Overview of Space-Based Laser Communication Missions and Payloads: Insights from the Autonomous Laser ...,Not retrieved (Crossref match failed),2024,Aerospace (per OpenAlex),https://openalex.org/W4404070943,metadata,Overview of space laser-communication missions,Not reported (no abstract in retrieved metadata; verify in full text),Not reported (no abstract in retrieved metadata; verify in full text),Not reported (no abstract in retrieved metadata; verify in full text),Not reported (no abstract in retrieved metadata; verify in full text),Not reported (no abstract in retrieved metadata; verify in full text),Not reported (no abstract in retrieved metadata; verify in full text),Survey,Not reported,Not reported,Not reported,M - mission context,Mission table for impact slide,n/a,n/a
L008,K airborne PAT,"Development of Multitarget Acquisition, Pointing, and Tracking System for Airborne Laser Communication","Q Li, L Liu, X Ma, S Chen, H Yun, S Tang",2019,IEEE Transactions on Industrial Informatics,https://doi.org/10.1109/tii.2018.2868143,metadata,Airborne multi-target APT,Not reported (no abstract in retrieved metadata; verify in full text),Not reported (no abstract in retrieved metadata; verify in full text),Not reported (no abstract in retrieved metadata; verify in full text),Not reported (no abstract in retrieved metadata; verify in full text),Not reported (no abstract in retrieved metadata; verify in full text),Not reported (no abstract in retrieved metadata; verify in full text),Not reported (no abstract in retrieved metadata; verify in full text),Not reported,Not reported,Not reported,H - real airborne APT system (hardware reference),Multi-target APT architecture,Not a software benchmark,Hardware system (real-time by design)
L009,I shipborne PAT,"Shipborne Acquisition, Tracking, and Pointing Experimental Verifications towards Satellite-to-Sea Laser Communication","D He, Q Wang, X Liu, Z Song, J Zhou, Z Wang et al.",2019,Applied Sciences,https://doi.org/10.3390/app9183940,abstract,ATP from a moving ship to LEO satellites,Shipborne ATP system + acquisition strategy + pointing-error improvement,Not reported,Tracked LEO satellites (per abstract),Not reported,Not reported,Ship motion (moving platform),Field experiments tracking LEO satellites,Not reported,Feasibility of ship-satellite optical links verified (abstract),Not reported,H - moving-platform ATP with real experiments,Acquisition strategy on a moving platform; pointing-error correction,No camera-level algorithm comparison under controlled disturbances,Real-time field system
L010,I vehicle PAT,"Demonstration of vehicle-to-vehicle optical pointing, acquisition, and tracking for undersea laser communications","ND Hardy, H Rao, S Conrad, T Howe, M Scheinbart, R Kaminsky et al.",2019,Proc. SPIE Free-Space Laser Communications XXXI,https://doi.org/10.1117/12.2511178,metadata,V2V optical PAT undersea,Not reported (no abstract in retrieved metadata; verify in full text),Not reported (no abstract in retrieved metadata; verify in full text),Not reported (no abstract in retrieved metadata; verify in full text),Not reported (no abstract in retrieved metadata; verify in full text),Not reported (no abstract in retrieved metadata; verify in full text),Not reported (no abstract in retrieved metadata; verify in full text),Not reported (no abstract in retrieved metadata; verify in full text),Not reported,Not reported,Not reported,M - mobile PAT demonstration,Mobile-mobile PAT sequence,Different medium,Real-time demo
L011,J small-sat PAT,"Body pointing, acquisition and tracking for small satellite laser communication","J Chang, CM Schieler, KM Riesing, JW Burnside, K Aquino, BS Robinson",2019,Proc. SPIE Free-Space Laser Communications XXXI,https://doi.org/10.1117/12.2511159,metadata,Body-pointing PAT for small satellites,Not reported (no abstract in retrieved metadata; verify in full text),Not reported (no abstract in retrieved metadata; verify in full text),Not reported (no abstract in retrieved metadata; verify in full text),Not reported (no abstract in retrieved metadata; verify in full text),Not reported (no abstract in retrieved metadata; verify in full text),Not reported (no abstract in retrieved metadata; verify in full text),Not reported (no abstract in retrieved metadata; verify in full text),Not reported,Not reported,Not reported,M - coarse pointing by platform attitude,Coarse stage = platform body pointing (analogy to our gimbal),n/a,Flight-oriented
L012,J CubeSat PAT,"Development of a pointing, acquisition, and tracking system for a CubeSat optical communication module","T Nguyen, K Riesing, R Kingsbury, K Cahoy",2015,Proc. SPIE,https://doi.org/10.1117/12.2080591,metadata,PAT for CubeSat optical module,Not reported (no abstract in retrieved metadata; verify in full text),Not reported (no abstract in retrieved metadata; verify in full text),Not reported (no abstract in retrieved metadata; verify in full text),Not reported (no abstract in retrieved metadata; verify in full text),Not reported (no abstract in retrieved metadata; verify in full text),Not reported (no abstract in retrieved metadata; verify in full text),Not reported (no abstract in retrieved metadata; verify in full text),Not reported,Not reported,Not reported,H - beacon-camera based PAT design for small platforms,Beacon camera + fine steering concept,n/a,Flight-oriented
L013,G beacon tracking,Laser beacon tracking for free-space optical communication on small-satellite platforms in low-earth orbit (MIT thesis),See DSpace record,2015,MIT DSpace (thesis),http://hdl.handle.net/1721.1/101446,metadata,Beacon tracking on small satellites,Not reported (no abstract in retrieved metadata; verify in full text),Not reported (no abstract in retrieved metadata; verify in full text),Not reported (no abstract in retrieved metadata; verify in full text),Not reported (no abstract in retrieved metadata; verify in full text),Not reported (no abstract in retrieved metadata; verify in full text),Not reported (no abstract in retrieved metadata; verify in full text),Not reported (no abstract in retrieved metadata; verify in full text),Not reported,Not reported,Not reported,H - beacon camera tracking analysis for LEO small-sats,Beacon detection/centroid error budget methodology,n/a,n/a
L014,H machine-vision PAT,"Machine-vision-based acquisition, pointing, and tracking system for underwater wireless optical communications","J Lin, Z Du, C Yu, W Ge, W Lü, H Deng et al.",2021,Chinese Optics Letters,https://doi.org/10.3788/col202119.050604,metadata,Camera-based APT for UWOC,Not reported (no abstract in retrieved metadata; verify in full text),Not reported (no abstract in retrieved metadata; verify in full text),Not reported (no abstract in retrieved metadata; verify in full text),Not reported (no abstract in retrieved metadata; verify in full text),Not reported (no abstract in retrieved metadata; verify in full text),Not reported (no abstract in retrieved metadata; verify in full text),Not reported (no abstract in retrieved metadata; verify in full text),Not reported,Not reported,Not reported,H - closest analogue: camera-driven APT,Machine-vision APT loop,Underwater channel differs,Reported as real system (details NR)
L015,AJ ground test,"Short-distance equivalent test of acquisition, pointing, and tracking process for space laser communication","Y Zou, Z Ke, Y Shao, Q Fan, C Liu",2022,Applied Optics,https://doi.org/10.1364/ao.447725,abstract,Ground (short-distance) equivalent testing of APT before launch,Narrow beam + imaging relationship to emulate far-field point target,Not reported,Not reported,Not reported,Tracking detector (per abstract),Not reported,Laboratory equivalent test,Not reported,Not reported,Not reported,H - supports our 'test PAT without the real link' argument,Equivalent-test philosophy for SIL/HIL,"Hardware bench, not software",n/a
L016,K airborne,Airborne Laser Communication System with Automated Tracking,"X Ke, H Liang",2021,International Journal of Optics,https://doi.org/10.1155/2021/9920368,abstract,Automatic tracking for airborne laser comms,Stepping-motor servo + four-quadrant detector tracking,4-quadrant detector spot position,Not reported,PWM-controlled stepping motor,Four-quadrant detector,Not reported,Airborne environment,Not reported,Not reported,Not reported,M - coarse servo + QD fine sensor,Servo loop structure,No camera acquisition,Real-time hardware
L017,AU multi-point,A Point-to-Multi-Point Tracking System for FSO Communication,"VK Kappala, J Pradhan, AK Turuk, VNH Silva, S Majhi, SK Das",2021,IEEE Transactions on Instrumentation and Measurement,https://doi.org/10.1109/tim.2021.3115202,metadata,P2MP FSO tracking,Not reported (no abstract in retrieved metadata; verify in full text),Not reported (no abstract in retrieved metadata; verify in full text),Not reported (no abstract in retrieved metadata; verify in full text),Not reported (no abstract in retrieved metadata; verify in full text),Not reported (no abstract in retrieved metadata; verify in full text),Not reported (no abstract in retrieved metadata; verify in full text),Not reported (no abstract in retrieved metadata; verify in full text),Not reported,Not reported,Not reported,M - multi-target (PS optional),Multi-target handling,n/a,n/a
L018,I mobile FSO,High-Precision Tracking of Free-Space Optical Communication System on Mobile Platforms,"N Sun, Y Wang, Y Wu, J Liu",2024,Photonics,https://doi.org/10.3390/photonics11100900,abstract,FSO tracking on moving platforms,Electro-optical pod for coarse search/sighting + inner precise targeting module; spot-based control,Spot position (per abstract),Not reported,Coarse pod + fine module control unit,Not reported,Moving platform,Prototype,Not reported,Not reported,Not reported,H - explicit coarse (pod) / fine split on mobile platform,Two-stage coarse/fine architecture diagram,Coarse search algorithm details not in abstract,Prototype real-time
L019,I AoA,Improved Angle-of-Arrival Estimation of Narrow Gaussian Beams for Mobile FSO Platforms,Not retrieved,2024,IEEE Trans. Aerospace and Electronic Systems (per OpenAlex),https://openalex.org/W4391929623,metadata,AoA estimation for mobile FSO,Not reported (no abstract in retrieved metadata; verify in full text),Not reported (no abstract in retrieved metadata; verify in full text),Not reported (no abstract in retrieved metadata; verify in full text),Not reported (no abstract in retrieved metadata; verify in full text),Not reported (no abstract in retrieved metadata; verify in full text),Not reported (no abstract in retrieved metadata; verify in full text),Not reported (no abstract in retrieved metadata; verify in full text),Not reported,Not reported,Not reported,M - LOS estimation for mobile FSO,AoA estimation concept,n/a,n/a
L020,K UAV alignment,Autonomous Alignment of Free-Space-Optical Links Between UAVs,"M Khan, M Yuksel",2015,ACM HotWireless '15,https://doi.org/10.1145/2799650.2799656,metadata,Autonomous FSO alignment between UAVs,Not reported (no abstract in retrieved metadata; verify in full text),Not reported (no abstract in retrieved metadata; verify in full text),Not reported (no abstract in retrieved metadata; verify in full text),Not reported (no abstract in retrieved metadata; verify in full text),Not reported (no abstract in retrieved metadata; verify in full text),Not reported (no abstract in retrieved metadata; verify in full text),Not reported (no abstract in retrieved metadata; verify in full text),Not reported,Not reported,Not reported,H - autonomous alignment between mobiles,Search/alignment protocol ideas,n/a,n/a
L021,I GPS-free,GPS-Free Maintenance of A Free-Space-Optical Link Between Two Autonomous Mobiles,"M Khan, M Yuksel, G Winkelmaier",2017,IEEE Transactions on Mobile Computing,https://doi.org/10.1109/tmc.2016.2602834,metadata,Maintaining FSO link between mobiles without GPS,Not reported (no abstract in retrieved metadata; verify in full text),Not reported (no abstract in retrieved metadata; verify in full text),Not reported (no abstract in retrieved metadata; verify in full text),Not reported (no abstract in retrieved metadata; verify in full text),Not reported (no abstract in retrieved metadata; verify in full text),Not reported (no abstract in retrieved metadata; verify in full text),Not reported (no abstract in retrieved metadata; verify in full text),Not reported,Not reported,Not reported,H - link maintenance = our re-acquisition problem,Search-on-loss logic,n/a,n/a
L022,K UAV QD,Beam Tracking for UAV-Assisted FSO Links With a Four-Quadrant Detector,"H Safi, A Dargahi, J Cheng",2021,IEEE Communications Letters,https://doi.org/10.1109/lcomm.2021.3113699,metadata,UAV FSO beam tracking with QD,Not reported (no abstract in retrieved metadata; verify in full text),Not reported (no abstract in retrieved metadata; verify in full text),Not reported (no abstract in retrieved metadata; verify in full text),Not reported (no abstract in retrieved metadata; verify in full text),Not reported (no abstract in retrieved metadata; verify in full text),Not reported (no abstract in retrieved metadata; verify in full text),Not reported (no abstract in retrieved metadata; verify in full text),Not reported,Not reported,Not reported,M - fine tracking sensor alternative,QD-based fine stage for future,n/a,n/a
L023,AF UAV hovering,Outage Performance of HAP-UAV FSO Links with Gaussian Beam and UAV Hovering,"MQ Vu, TV Pham, NT Dang, AT Pham",2020,IEEE VTC2020-Fall,https://doi.org/10.1109/vtc2020-fall49728.2020.9348577,metadata,Effect of UAV hovering on HAP-UAV FSO outage,Not reported (no abstract in retrieved metadata; verify in full text),Not reported (no abstract in retrieved metadata; verify in full text),Not reported (no abstract in retrieved metadata; verify in full text),Not reported (no abstract in retrieved metadata; verify in full text),Not reported (no abstract in retrieved metadata; verify in full text),UAV hovering fluctuations,Not reported (no abstract in retrieved metadata; verify in full text),Not reported,Not reported,Not reported,M - platform-jitter statistics motivation,Hovering-induced pointing error model,n/a,n/a (analysis)
L024,AF UAV channel,Channel Modeling and Parameter Optimization for Hovering UAV-Based Free-Space Optical Links,Not retrieved,2018,IEEE J. Selected Areas in Communications (per OpenAlex),https://openalex.org/W2895265707,metadata,Hovering UAV FSO channel,Not reported (no abstract in retrieved metadata; verify in full text),Not reported (no abstract in retrieved metadata; verify in full text),Not reported (no abstract in retrieved metadata; verify in full text),Not reported (no abstract in retrieved metadata; verify in full text),Not reported (no abstract in retrieved metadata; verify in full text),Hovering fluctuation,Not reported (no abstract in retrieved metadata; verify in full text),Not reported,Not reported,Not reported,M - platform jitter model,Pointing-error statistics,n/a,n/a
L025,K MRR,Modulating Retroreflector Based Free Space Optical Link for UAV-to-Ground Communications,Not retrieved,2022,IEEE Trans. Wireless Communications (per OpenAlex),https://openalex.org/W4226103296,metadata,MRR FSO for UAV-ground,Not reported (no abstract in retrieved metadata; verify in full text),Not reported (no abstract in retrieved metadata; verify in full text),Not reported (no abstract in retrieved metadata; verify in full text),Not reported (no abstract in retrieved metadata; verify in full text),Not reported (no abstract in retrieved metadata; verify in full text),Not reported (no abstract in retrieved metadata; verify in full text),Not reported (no abstract in retrieved metadata; verify in full text),Not reported,Not reported,Not reported,L - alternative link architecture,Relaxed pointing via MRR,n/a,n/a
L026,K retro tracking,Performance Analysis of Passive Retro-Reflector Based Tracking in Free-Space Optical Communications With Pointing Errors,"H Moon, C Chae, M Alouini",2023,IEEE Transactions on Vehicular Technology,https://doi.org/10.1109/tvt.2023.3255894,metadata,Retro-reflector tracking with pointing errors,Not reported (no abstract in retrieved metadata; verify in full text),Not reported (no abstract in retrieved metadata; verify in full text),Not reported (no abstract in retrieved metadata; verify in full text),Not reported (no abstract in retrieved metadata; verify in full text),Not reported (no abstract in retrieved metadata; verify in full text),Pointing errors,Not reported (no abstract in retrieved metadata; verify in full text),Not reported,Not reported,Not reported,L-M,Pointing-error modelling,n/a,n/a
L027,K drone FSO,Experimental Channel Statistics of Drone-to-Ground Retro-Reflected FSO Links With Fine-Tracking Systems,"PV Trinh, A Carrasco-Casado, T Okura, H Tsuji, DR Kolev, K Shiratama et al.",2021,IEEE Access,https://doi.org/10.1109/access.2021.3117266,metadata,Measured drone-ground FSO channel with fine tracking,Not reported (no abstract in retrieved metadata; verify in full text),Not reported (no abstract in retrieved metadata; verify in full text),Not reported (no abstract in retrieved metadata; verify in full text),Not reported (no abstract in retrieved metadata; verify in full text),Not reported (no abstract in retrieved metadata; verify in full text),Not reported (no abstract in retrieved metadata; verify in full text),Field experiment (drone),Not reported,Not reported,Not reported,M - real drone jitter/channel data source for future validation,Measured statistics to calibrate our jitter/scintillation models,n/a,n/a
L028,L LEO tracking,Demonstration of 100 Gbps Coherent Free-Space Optical Communications at LEO Tracking Rates,"S Walsh, S Karpathakis, A McCann, B Dix-Matthews, A Frost, D Gozzard et al.",2022,Research Square preprint (published in Scientific Reports per OpenAlex),https://doi.org/10.21203/rs.3.rs-1951625/v1,abstract,Coherent 1550 nm link across turbulence at LEO slew rates,Tracking terminal + single-mode fibre coupling,Not reported,Tracking at LEO angular rates,Not reported,Not reported,Atmospheric turbulence,Terrestrial link emulating LEO rates,Not reported,100 Gbps demonstrated (title),Not reported,M - shows tracking-rate requirement realism,LEO slew-rate emulation idea for our trajectories,Coarse camera acquisition not the focus,Real-time
L029,AG stabiliser,New Generation Free-Space Optical Communication Systems With Advanced Optical Beam Stabilizer,"A Bekkali, H Fujita, M Hattori",2022,Journal of Lightwave Technology,https://doi.org/10.1109/jlt.2022.3146252,metadata,Optical beam stabilisation for FSO,Not reported (no abstract in retrieved metadata; verify in full text),Not reported (no abstract in retrieved metadata; verify in full text),Not reported (no abstract in retrieved metadata; verify in full text),Not reported (no abstract in retrieved metadata; verify in full text),Not reported (no abstract in retrieved metadata; verify in full text),Not reported (no abstract in retrieved metadata; verify in full text),Not reported (no abstract in retrieved metadata; verify in full text),Not reported,Not reported,Not reported,M - jitter rejection belongs to fine stage,Argument: coarse loop should not chase jitter,n/a,n/a
L030,N CV beam steering,Optical Beam Steering in FSO Systems Supported by Computer Vision,"AC Campos, P Georgieva, MA Fernandes, PP Monteiro, GM Fernandes, FP Guiomar",2024,IEEE Access,https://doi.org/10.1109/access.2024.3405196,metadata,Computer-vision-assisted FSO beam steering,Not reported (no abstract in retrieved metadata; verify in full text),Not reported (no abstract in retrieved metadata; verify in full text),Not reported (no abstract in retrieved metadata; verify in full text),Not reported (no abstract in retrieved metadata; verify in full text),Not reported (no abstract in retrieved metadata; verify in full text),Not reported (no abstract in retrieved metadata; verify in full text),Not reported (no abstract in retrieved metadata; verify in full text),Not reported,Not reported,Not reported,H - CV for FSO pointing (closest recent CV-PAT work),CV-in-the-loop steering,Evaluate vs our disturbance set (NR),NR
L031,N visual tracking OWC,Visual tracking for mobile optical wireless communications,"B Chen, H Yu",2020,Optics Express,https://doi.org/10.1364/oe.402557,abstract,ATP for mobile OWC; beacon lights fail under mobility,Shape beacon sensed by camera; visual tracking as ATP,Shape-beacon visual detection,Visual tracking,Not reported,Camera,Not reported,Numerical + experimental (per abstract),Not reported,Not reported,Not reported,H - camera-based ATP for mobile terminals,Camera as ATP sensor; shape vs spot beacon trade-off,PS mandates spot beacon; noise/atmosphere robustness NR,Claimed real-time (NR)
L032,AT wide FOV,Adaptive optical beam tracking and alignment system with a wide field-of-view for optical wireless communication,"Y Lin, J Chen, Y Lin, C Chow",2026,Optics Express,https://doi.org/10.1364/oe.574859,abstract,Beam tracking with wide FOV for indoor IR OWC,FSM-based steering with adaptive tracking/alignment,Not reported,Not reported,FSM,Not reported,Not reported,Indoor OWC experiment,Not reported,Not reported,FSM footprint / speed limits (abstract),M - wide-FOV acquisition motivation,Wide-FOV + adaptive alignment,Indoor; not beacon-camera search,NR
L033,B auto-track,Design and implementation of auto-tracking system for FSO link under pointing error,"VK Kappala, J Pradhan, N Pawar, AK Turuk, S Majhi, SK Das",2023,Optical and Quantum Electronics,https://doi.org/10.1007/s11082-022-04439-4,metadata,FSO auto-tracking under pointing error,Not reported (no abstract in retrieved metadata; verify in full text),Not reported (no abstract in retrieved metadata; verify in full text),Not reported (no abstract in retrieved metadata; verify in full text),Not reported (no abstract in retrieved metadata; verify in full text),Not reported (no abstract in retrieved metadata; verify in full text),Pointing error,Not reported (no abstract in retrieved metadata; verify in full text),Not reported,Not reported,Not reported,M,Auto-tracking loop,n/a,NR
L034,B auto-track,Design and Prototype of Auto-Track Long-Range Free-Space Optical Communication,"X Li, MM Bayer, GN Guentchev, O Boyraz",2022,OFC 2022,https://doi.org/10.1364/ofc.2022.w2a.30,abstract,Rural long-range FSO module with auto-tracking,Auto-tracking module,Not reported,Auto-tracking over ±6.5° AoA with <1 µrad resolution (abstract),Not reported,Not reported,Not reported,Prototype,"AoA range, resolution","±6.5° AoA, <1 µrad (abstract)",Not reported,M - real auto-track range comparable to our 12.5° screen,Coarse range ±6.5° ~ our ±6.25° screen half-extent,Acquisition method NR,Prototype
L035,C beaconless,Beaconless Auto-Alignment for Single-Wavelength 4.18 Tbit/s Mode-Division Multiplexing Free-Space Optical Communications,"Y Li, G Fernandes, D Benton, A Billaud, M Fernandes, M Patel et al.",2025,Journal of Lightwave Technology,https://doi.org/10.1109/jlt.2025.3558177,metadata,Beaconless auto-alignment for MDM FSO,Not reported (no abstract in retrieved metadata; verify in full text),Not reported (no abstract in retrieved metadata; verify in full text),Not reported (no abstract in retrieved metadata; verify in full text),Not reported (no abstract in retrieved metadata; verify in full text),Not reported (no abstract in retrieved metadata; verify in full text),Not reported (no abstract in retrieved metadata; verify in full text),Not reported (no abstract in retrieved metadata; verify in full text),Not reported,Not reported,Not reported,M - alternative (beaconless) alignment,Auto-alignment search,Beacon-free: not PS scope,NR
L036,N beam-steering terminal,Design and Characterisation of Terabit/s Capable Compact Localisation and Beam-Steering Terminals for Fiber-Wireless-Fiber Links,"R Singh, F Feng, Y Hong, G Faulkner, R Deshmukh, G Vercasson et al.",2020,Journal of Lightwave Technology,https://doi.org/10.1109/jlt.2020.3022754,metadata,Localisation + beam steering terminals,Not reported (no abstract in retrieved metadata; verify in full text),Not reported (no abstract in retrieved metadata; verify in full text),Not reported (no abstract in retrieved metadata; verify in full text),Not reported (no abstract in retrieved metadata; verify in full text),Not reported (no abstract in retrieved metadata; verify in full text),Not reported (no abstract in retrieved metadata; verify in full text),Not reported (no abstract in retrieved metadata; verify in full text),Not reported,Not reported,Not reported,M - localisation (camera) + steering terminal,Localisation-then-steer structure,n/a,NR
L037,K UAV control,Tracking Control for Free-Space Optical Communication of Unmanned Aerial Vehicle,"JH Ryu, S Chang Kim, JR Ryoo, S Yeong Yi",2018,IEEE ICCIS 2018,https://doi.org/10.1109/icomis.2018.8644959,metadata,UAV FSO tracking control,Not reported (no abstract in retrieved metadata; verify in full text),Not reported (no abstract in retrieved metadata; verify in full text),Not reported (no abstract in retrieved metadata; verify in full text),Not reported (no abstract in retrieved metadata; verify in full text),Not reported (no abstract in retrieved metadata; verify in full text),Not reported (no abstract in retrieved metadata; verify in full text),Not reported (no abstract in retrieved metadata; verify in full text),Not reported,Not reported,Not reported,M - tracking control on UAV,Control structure,n/a,NR
L038,K UAV C2,Design of a Free Space Optical Communication System for an Unmanned Aerial Vehicle Command and Control Link,"Y Zhang, Y Wang, Y Deng, A Du, J Liu",2021,Photonics,https://doi.org/10.3390/photonics8050163,abstract,EMI-immune FSO for UAV C2,"Omnidirectional receiving + ground scanning transmitter; large-area detector, short-focus lens",Not reported,Not reported,Ground scanning,Not reported,Turbulence (anti-turbulence design),Not reported,Not reported,Not reported,Not reported,L-M - relaxes PAT by wide receiver,Scanning transmitter idea,Not narrow-beam PAT,NR
L039,J CubeLCT,In-orbit demonstration of the world's smallest laser communication terminal: OSIRIS4CubeSat/CubeLCT,"B Rödiger, C Schmidt",2025,"Small Satellites Systems and Services Symposium (4S 2024), Proc. SPIE",https://doi.org/10.1117/12.3060897,metadata,In-orbit CubeSat LCT demo,Not reported (no abstract in retrieved metadata; verify in full text),Not reported (no abstract in retrieved metadata; verify in full text),Not reported (no abstract in retrieved metadata; verify in full text),Not reported (no abstract in retrieved metadata; verify in full text),Not reported (no abstract in retrieved metadata; verify in full text),Not reported (no abstract in retrieved metadata; verify in full text),In orbit,Not reported,Not reported,Not reported,M - DLR in-orbit heritage (impact/extensibility),Flight PAT context,n/a,Flight
L040,M TESAT LCT,TESAT laser communication terminal performance results on 5.6Gbit coherent inter satellite and satellite to ground links,"M Gregory, F Heine, H Kämpfner, R Meyer, R Fields, C Lunde",2017,Proc. ICSO 2010 (published 2017),https://doi.org/10.1117/12.2309152,metadata,LCT in-orbit performance,Not reported (no abstract in retrieved metadata; verify in full text),Not reported (no abstract in retrieved metadata; verify in full text),Not reported (no abstract in retrieved metadata; verify in full text),Not reported (no abstract in retrieved metadata; verify in full text),Not reported (no abstract in retrieved metadata; verify in full text),Not reported (no abstract in retrieved metadata; verify in full text),In orbit,Not reported,Not reported,Not reported,M - operational coherent LCT heritage,Acquisition-time reporting practice,n/a,Flight
L041,C acquisition time,On-orbit space optical communication demonstration with a 22 s acquisition time,"X Wang, J Han, K Cui, C Wang, M Xie, X Meng et al.",2023,Optics Letters,https://doi.org/10.1364/ol.505966,abstract,Reducing link acquisition time on orbit,Acquisition technique addressing satellite-insertion error effects,Not reported,Not reported,Not reported,Not reported,Orbit insertion / pointing errors,On-orbit demonstration,Acquisition time,22 s acquisition on orbit (title),Not reported,H - acquisition time is THE key metric; real-world value for context (different geometry),Acquisition-time framing,"Space geometry, not camera viewport",Flight
L042,L LLCD,Lunar Laser Communication Demonstration operations architecture,Not retrieved,2015,Acta Astronautica (per OpenAlex),https://openalex.org/W1977096309,metadata,LLCD operations,Not reported (no abstract in retrieved metadata; verify in full text),Not reported (no abstract in retrieved metadata; verify in full text),Not reported (no abstract in retrieved metadata; verify in full text),Not reported (no abstract in retrieved metadata; verify in full text),Not reported (no abstract in retrieved metadata; verify in full text),Not reported (no abstract in retrieved metadata; verify in full text),Flight mission,Not reported,Not reported,Not reported,L-M - mission heritage,Ops concept,n/a,Flight
L043,K airborne DLR,Demonstration of High-Rate Laser Communications From a Fast Airborne Platform,"F Moll, J Horwath, A Shrestha, M Brechtelsbauer, C Fuchs, LA Martin Navajas et al.",2015,IEEE Journal on Selected Areas in Communications,https://doi.org/10.1109/jsac.2015.2433054,metadata,Airborne high-rate laser comm demo,Not reported (no abstract in retrieved metadata; verify in full text),Not reported (no abstract in retrieved metadata; verify in full text),Not reported (no abstract in retrieved metadata; verify in full text),Not reported (no abstract in retrieved metadata; verify in full text),Not reported (no abstract in retrieved metadata; verify in full text),Not reported (no abstract in retrieved metadata; verify in full text),Flight experiment,Not reported,Not reported,Not reported,H - fast airborne platform PAT (DLR),Coarse-fine airborne PAT,n/a,Flight
L044,AS spiral scan,A New Composite Spiral Scanning Approach for Beaconless Spatial Acquisition and Experimental Investigation of Robust Tracking Control for Laser Communication System with Disturbance,"M Zhang, B Li, S Tong",2020,IEEE Photonics Journal,https://doi.org/10.1109/jphot.2020.3031260,metadata,Faster spiral scanning; robust tracking under disturbance,Not reported (no abstract in retrieved metadata; verify in full text),Not reported (no abstract in retrieved metadata; verify in full text),Not reported (no abstract in retrieved metadata; verify in full text),Not reported (no abstract in retrieved metadata; verify in full text),Not reported (no abstract in retrieved metadata; verify in full text),Disturbance (title),Not reported (no abstract in retrieved metadata; verify in full text),Not reported,Not reported,Not reported,H - spiral scan = our baseline search family,Spiral scan design,Open-loop scan; no belief/negative information,NR
L045,AS sub-region scan,The Optimization Design of Sub-Regions Scanning and Vibration Analysis for Beaconless Spatial Acquisition in the Inter-Satellite Laser Communication System,"Y Teng, M Zhang, S Tong",2018,IEEE Photonics Journal,https://doi.org/10.1109/jphot.2018.2884718,metadata,Scan optimisation + vibration effects,Not reported (no abstract in retrieved metadata; verify in full text),Not reported (no abstract in retrieved metadata; verify in full text),Not reported (no abstract in retrieved metadata; verify in full text),Not reported (no abstract in retrieved metadata; verify in full text),Not reported (no abstract in retrieved metadata; verify in full text),Satellite vibration,Not reported (no abstract in retrieved metadata; verify in full text),Not reported,Not reported,Not reported,H - scan design under vibration,Sub-region scanning,Static scan plan,NR
L046,C vibration acq,Acquisition Time in Laser Inter-Satellite Link Under Satellite Vibrations,"K Lee, V Mai, H Kim",2023,IEEE Photonics Journal,https://doi.org/10.1109/jphot.2023.3291807,metadata,Acquisition-time analysis under vibration,Not reported (no abstract in retrieved metadata; verify in full text),Not reported (no abstract in retrieved metadata; verify in full text),Not reported (no abstract in retrieved metadata; verify in full text),Not reported (no abstract in retrieved metadata; verify in full text),Not reported (no abstract in retrieved metadata; verify in full text),Vibration,Not reported (no abstract in retrieved metadata; verify in full text),Acquisition time,Not reported,Not reported,H - acquisition time vs vibration (our F2 scenario),Analytical acquisition-time model,Camera viewport search not addressed,n/a
L047,AG jitter acq,Multi-parameter influenced acquisition model with an in-orbit jitter for inter-satellite laser communication of the LCES system,"S Hu, H Yu, Z Duan, Y Zhu, C Cao, M Zhou",2022,Optics Express,https://doi.org/10.1364/oe.465592,metadata,Acquisition model with jitter,Not reported (no abstract in retrieved metadata; verify in full text),Not reported (no abstract in retrieved metadata; verify in full text),Not reported (no abstract in retrieved metadata; verify in full text),Not reported (no abstract in retrieved metadata; verify in full text),Not reported (no abstract in retrieved metadata; verify in full text),In-orbit jitter,Not reported (no abstract in retrieved metadata; verify in full text),Not reported,Not reported,Not reported,H - jitter-aware acquisition modelling,Jitter parameters into Pd,n/a,n/a
L048,M dual-way scan,Inter-satellite laser link acquisition with dual-way scanning for Space Advanced Gravity Measurements mission,"J Zhang, M Ming, Y Jiang, H Duan, H Yeh",2018,Review of Scientific Instruments,https://doi.org/10.1063/1.5019433,abstract,Laser link acquisition for SAGM,Differential power sensing with dual-way scanning,Differential power sensing,Not reported,Not reported,Not reported,Not reported,Not reported,Not reported,Not reported,Not reported,M - scanning acquisition alternative,Dual-way scan,Beacon camera not used,NR
L049,AS probability scan,Probability Descent-Based Equivalent Spot Scanning for Satellite Laser Acquisition in Elliptical Field of Uncertainty,"T Wang, F Yu, R Li, K Zhang, Z Yao",2025,IEEE Transactions on Aerospace and Electronic Systems,https://doi.org/10.1109/taes.2025.3596959,metadata,Probability-ordered scanning in elliptical FOU,Not reported (no abstract in retrieved metadata; verify in full text),Not reported (no abstract in retrieved metadata; verify in full text),Not reported (no abstract in retrieved metadata; verify in full text),Not reported (no abstract in retrieved metadata; verify in full text),Not reported (no abstract in retrieved metadata; verify in full text),Not reported (no abstract in retrieved metadata; verify in full text),Not reported (no abstract in retrieved metadata; verify in full text),Not reported,Not reported,Not reported,H - closest prior art for probability-weighted acquisition,Scan in descending probability,(from title) static prior; no recursive negative-information update or FOV choice - verify in full text,NR
L050,AS elliptical FOU,Satellite Scanning Pattern for Optical Acquisition Considering Elliptical Shaped Field of Uncertainty,"J Yun, K Baeck, H Yoon",2025,IEEE Transactions on Aerospace and Electronic Systems,https://doi.org/10.1109/taes.2025.3526107,metadata,Scan pattern for elliptical FOU,Not reported (no abstract in retrieved metadata; verify in full text),Not reported (no abstract in retrieved metadata; verify in full text),Not reported (no abstract in retrieved metadata; verify in full text),Not reported (no abstract in retrieved metadata; verify in full text),Not reported (no abstract in retrieved metadata; verify in full text),Not reported (no abstract in retrieved metadata; verify in full text),Not reported (no abstract in retrieved metadata; verify in full text),Not reported,Not reported,Not reported,H - prior art for prior-shaped scanning,FOU-shaped scan,Open-loop pattern,NR
L051,AS Lissajous,Expanding-amplitude Lissajous scanning for beaconless spatial acquisition in elliptical fields of uncertainty,"H Kim, J Yun, H Yoon",2026,Optics Communications,https://doi.org/10.1016/j.optcom.2026.133652,metadata,Lissajous scan for acquisition,Not reported (no abstract in retrieved metadata; verify in full text),Not reported (no abstract in retrieved metadata; verify in full text),Not reported (no abstract in retrieved metadata; verify in full text),Not reported (no abstract in retrieved metadata; verify in full text),Not reported (no abstract in retrieved metadata; verify in full text),Not reported (no abstract in retrieved metadata; verify in full text),Not reported (no abstract in retrieved metadata; verify in full text),Not reported,Not reported,Not reported,M - newest scan-pattern work,Scan pattern alternative baseline,Open-loop,NR
L052,AS optimal scan,Optimal Scanning Pattern for Initial Free-Space Optical-Link Alignment,"P Skryja, P Barcik",2024,Photonics,https://doi.org/10.3390/photonics11060540,abstract,Initial alignment scanning is time-consuming,Comparison/optimisation of scanning algorithms for initial alignment,Position-sensitive detector hit,Not reported,Not reported,PSD,Not reported,Not reported,Alignment time,Not reported,Not reported,H - confirms acquisition time dominated by scan design,Scan comparison methodology,No belief update,NR
L053,C SNR multi-scan,SNR-based beaconless multi-scan link acquisition model with vibration for LEO-to-ground laser communication,"S Yang, X Li",2024,Applied Physics B,https://doi.org/10.1007/s00340-024-08213-0,metadata,SNR-based acquisition model with vibration,Not reported (no abstract in retrieved metadata; verify in full text),Not reported (no abstract in retrieved metadata; verify in full text),Not reported (no abstract in retrieved metadata; verify in full text),Not reported (no abstract in retrieved metadata; verify in full text),Not reported (no abstract in retrieved metadata; verify in full text),Vibration,Not reported (no abstract in retrieved metadata; verify in full text),Not reported,Not reported,Not reported,H - SNR-dependent acquisition probability (supports our Pd model),SNR -> detection probability link,n/a,n/a
L054,AF hit probability,Vibration Influence on Hit Probability During Beaconless Spatial Acquisition,"L Friederichs, U Sterr, D Dallmann",2016,Journal of Lightwave Technology,https://doi.org/10.1109/jlt.2016.2542918,metadata,Hit probability under vibration,Not reported (no abstract in retrieved metadata; verify in full text),Not reported (no abstract in retrieved metadata; verify in full text),Not reported (no abstract in retrieved metadata; verify in full text),Not reported (no abstract in retrieved metadata; verify in full text),Not reported (no abstract in retrieved metadata; verify in full text),Vibration,Not reported (no abstract in retrieved metadata; verify in full text),Hit probability,Not reported,Not reported,H - probabilistic acquisition framing,Hit-probability metric,n/a,n/a
L055,C beaconless model,Modeling and reality analysis of beaconless spatial acquisition for intersatellite laser communication system,"M Zhang, S Tong, Y Song, L Zhang, Y Teng",2017,Optical Engineering,https://doi.org/10.1117/1.oe.56.10.106108,abstract,Uncertainty cone from attitude/ephemeris/boresight errors,Acquisition as continuous adjustment within uncertainty cone,Not reported,Not reported,Not reported,Not reported,"Attitude, ephemeris, boresight errors",Not reported,Not reported,Not reported,Not reported,H - 'uncertainty cone' = our belief prior concept,Uncertainty-cone prior,No online belief update,n/a
L056,Z acquisition control,A Predefined-Time Control for the Laser Acquisition in Space Gravitational Wave Detection Mission,"J Zhang, P Wang, X Lian, L Lu, W Liu",2022,Sensors,https://doi.org/10.3390/s22187021,abstract,Laser acquisition control for GW missions,Predefined-time controller,Not reported,Not reported,Predefined-time control,Not reported,Complex space environment,Not reported,Not reported,Not reported,Not reported,M - control during acquisition,Bounded-time convergence idea,n/a,NR
L057,AF micro-vibration,"High Accuracy and Multi-Target Acquisition, Pointing and Tracking under Satellite Micro-Vibrations","Q Li, L Liu, H Yang",2020,Microgravity Science and Technology,https://doi.org/10.1007/s12217-020-09804-0,metadata,Multi-target APT under micro-vibration,Not reported (no abstract in retrieved metadata; verify in full text),Not reported (no abstract in retrieved metadata; verify in full text),Not reported (no abstract in retrieved metadata; verify in full text),Not reported (no abstract in retrieved metadata; verify in full text),Not reported (no abstract in retrieved metadata; verify in full text),Micro-vibration,Not reported (no abstract in retrieved metadata; verify in full text),Not reported,Not reported,Not reported,M,Vibration handling,n/a,NR
L058,U beacon centroid,Centroid Error Analysis of Beacon Tracking under Atmospheric Turbulence for Optical Communication Links,"H Lim, C Choi, K Sung, J Park, M Choi",2021,Remote Sensing,https://doi.org/10.3390/rs13101931,abstract,Centroid accuracy of beacon tracking under turbulence (few prior studies),Analysis of beacon centroid error vs turbulence,Centroiding,Not reported,Not reported,Beacon camera,Not reported,Analysis/simulation (per abstract),Centroid error,Not reported,Not reported,H - directly supports our turbulence->centroid error model,Turbulence-induced centroid jitter magnitude,Not a closed-loop tracker,n/a
L059,U weak beacon,A robust and precise centroid positioning method for the weak beacon spot in long-distance inter-satellite optical wireless communications,"Q Wang, L Cui, X Wang, L Tan, J Ma",2023,Optics Express,https://doi.org/10.1364/oe.511354,abstract,Centroid of very weak beacon (low peak SNR),Proposed accurate centroid positioning method for low-SNR spots,Low-SNR spot detection,Not reported,Not reported,Not reported,Low SNR,Not reported,Centroid accuracy,Not reported,Not reported,H - low-SNR centroiding (our fog/low-light cases),Low-SNR centroid refinement ideas,Method details beyond abstract NR,NR
L060,D optical flow beacon,Approach for recognizing and tracking beacon in inter-satellite optical communication based on optical flow method,"Q Wang, S Yu, L Tan, J Ma",2018,Optics Express,https://doi.org/10.1364/oe.26.028080,metadata,Beacon recognition & tracking via optical flow,Not reported (no abstract in retrieved metadata; verify in full text),Optical flow (title),Optical flow (title),Not reported (no abstract in retrieved metadata; verify in full text),Not reported (no abstract in retrieved metadata; verify in full text),Not reported (no abstract in retrieved metadata; verify in full text),Not reported (no abstract in retrieved metadata; verify in full text),Not reported,Not reported,Not reported,H - optical-flow alternative we compare against conceptually,Motion cue for beacon/background separation,Jitter/noise robustness NR,NR
L061,E APT spot detection,Research on APT Spot Detection Algorithm in Space Optical Communication,"Y Zhu, Y Huang, H Li, Y Ma",2018,IOP Conf. Series: Materials Science and Engineering,https://doi.org/10.1088/1757-899x/452/4/042184,metadata,Spot detection for APT,Not reported (no abstract in retrieved metadata; verify in full text),Not reported (no abstract in retrieved metadata; verify in full text),Not reported (no abstract in retrieved metadata; verify in full text),Not reported (no abstract in retrieved metadata; verify in full text),Not reported (no abstract in retrieved metadata; verify in full text),Not reported (no abstract in retrieved metadata; verify in full text),Not reported (no abstract in retrieved metadata; verify in full text),Not reported,Not reported,Not reported,M,Spot detection baseline,n/a,NR
L062,V distorted spot,Distorted Laser Spot Center Positioning Based on Captured Image Under Laser-Camera Misalignment in UOWC,"W Liu, Y Jiang, N Huang, S Li, Z Xu",2023,IEEE Photonics Journal,https://doi.org/10.1109/jphot.2023.3267027,metadata,Spot centre under misalignment distortion,Not reported (no abstract in retrieved metadata; verify in full text),Not reported (no abstract in retrieved metadata; verify in full text),Not reported (no abstract in retrieved metadata; verify in full text),Not reported (no abstract in retrieved metadata; verify in full text),Not reported (no abstract in retrieved metadata; verify in full text),Not reported (no abstract in retrieved metadata; verify in full text),Not reported (no abstract in retrieved metadata; verify in full text),Not reported,Not reported,Not reported,M - non-ideal spot shapes,Robust centre estimation,n/a,NR
L063,V weak light,High-precision laser spot center positioning method for weak light conditions,Not retrieved,2020,Applied Optics (per OpenAlex),https://openalex.org/W3002656512,metadata,Spot centre under weak light,Not reported (no abstract in retrieved metadata; verify in full text),Not reported (no abstract in retrieved metadata; verify in full text),Not reported (no abstract in retrieved metadata; verify in full text),Not reported (no abstract in retrieved metadata; verify in full text),Not reported (no abstract in retrieved metadata; verify in full text),Low light,Not reported (no abstract in retrieved metadata; verify in full text),Not reported,Not reported,Not reported,H - our low-light scenario,Weak-light centroiding,n/a,NR
L064,U spot comparison,Laser Spot Center Detection and Comparison Test,Not retrieved,2018,Photonic Sensors (per OpenAlex),https://openalex.org/W2795595734,metadata,Comparison of spot-centre algorithms,Not reported (no abstract in retrieved metadata; verify in full text),Not reported (no abstract in retrieved metadata; verify in full text),Not reported (no abstract in retrieved metadata; verify in full text),Not reported (no abstract in retrieved metadata; verify in full text),Not reported (no abstract in retrieved metadata; verify in full text),Not reported (no abstract in retrieved metadata; verify in full text),Not reported (no abstract in retrieved metadata; verify in full text),Not reported,Not reported,Not reported,H - centroid algorithm comparison (CoG / weighted / fitting),Choice of IW-CoG vs fitting,n/a,NR
L065,E turbulence spot,Far-field laser spot image detection for use under atmospheric turbulence,"X Ke, Y Jing",2020,Optical Engineering,https://doi.org/10.1117/1.oe.59.1.016103,metadata,Spot detection under turbulence,Not reported (no abstract in retrieved metadata; verify in full text),Not reported (no abstract in retrieved metadata; verify in full text),Not reported (no abstract in retrieved metadata; verify in full text),Not reported (no abstract in retrieved metadata; verify in full text),Not reported (no abstract in retrieved metadata; verify in full text),Atmospheric turbulence,Not reported (no abstract in retrieved metadata; verify in full text),Not reported,Not reported,Not reported,H - turbulence-degraded spot detection,Detection under scintillation,n/a,NR
L066,H UWOC spot tracking,A Laser Spot Tracking Algorithm for Underwater Wireless Optical Communication Based on Image Processing,"Z Zheng, H Yin, J Wang, L Jing",2021,ICCSN 2021,https://doi.org/10.1109/iccsn52437.2021.9463668,metadata,Image-based spot tracking for UWOC,Not reported (no abstract in retrieved metadata; verify in full text),Not reported (no abstract in retrieved metadata; verify in full text),Not reported (no abstract in retrieved metadata; verify in full text),Not reported (no abstract in retrieved metadata; verify in full text),Not reported (no abstract in retrieved metadata; verify in full text),Not reported (no abstract in retrieved metadata; verify in full text),Not reported (no abstract in retrieved metadata; verify in full text),Not reported,Not reported,Not reported,M,Image-based spot tracking,n/a,NR
L067,H Cam-Kalm,Experimental study of laser spot tracking for underwater optical wireless communication,"D Chen, Z Li, J Wang, H Lu, R Hao, K Fan et al.",2024,Optics Express,https://doi.org/10.1364/oe.514542,abstract,Robust spot tracking in UOWC,Kalman filter + CamShift (Cam-Kalm),CamShift appearance,Kalman prediction,Not reported,Camera,Underwater scattering,Not reported,Not reported,"Improved accuracy (abstract, qualitative)",Not reported,H - KF + CV spot tracking = a baseline family,KF-predicted search window,Single-model KF; no acquisition search,Claimed real-time (NR)
L068,V Gaussian fitting,Star Centroiding Based on Fast Gaussian Fitting for Star Sensors,"X Wan, G Wang, X Wei, J Li, G Zhang",2018,Sensors,https://doi.org/10.3390/s18092836,abstract,GF most accurate but too slow,Closed-form fast Gaussian fitting,Star spot,Not reported,Not reported,Star sensor,Not reported,Not reported,"Centroid accuracy, speed",Faster than GF with similar accuracy (abstract),Not reported,H - sub-pixel centroiding trade-off,FGF as optional high-precision centroid,Box-shaped beacon ≠ Gaussian star,Yes (designed for real time)
L069,O CNN star,Real-Time Convolutional-Neural-Network-Based Star Detection and Centroiding Method for CubeSat Star Tracker,"H Zhao, MF Lembeck, A Zhuang, R Shah, J Wei",2025,IEEE Transactions on Aerospace and Electronic Systems,https://doi.org/10.1109/taes.2025.3542744,metadata,CNN star detection + centroiding,Not reported (no abstract in retrieved metadata; verify in full text),CNN (title),Not reported (no abstract in retrieved metadata; verify in full text),Not reported (no abstract in retrieved metadata; verify in full text),Star tracker,Not reported (no abstract in retrieved metadata; verify in full text),Not reported (no abstract in retrieved metadata; verify in full text),Not reported,Not reported,Not reported,H - learned point-source detection on small hardware,CNN detection + classical centroid split,n/a,Real-time (title)
L070,U sieve centroid,Sieve Search Centroiding Algorithm for Star Sensors,"VC Karaparambil, NS Manjarekar, PM Singru",2023,Sensors,https://doi.org/10.3390/s23063222,metadata,Fast star centroiding,Not reported (no abstract in retrieved metadata; verify in full text),Not reported (no abstract in retrieved metadata; verify in full text),Not reported (no abstract in retrieved metadata; verify in full text),Not reported (no abstract in retrieved metadata; verify in full text),Not reported (no abstract in retrieved metadata; verify in full text),Not reported (no abstract in retrieved metadata; verify in full text),Not reported (no abstract in retrieved metadata; verify in full text),Not reported,Not reported,Not reported,M,Fast candidate search,n/a,Yes (NR)
L071,U window-adaptive,A Window-Adaptive Centroiding Method Based on Energy Iteration for Spot Target Localization,"J Bao, H Zhan, T Sun, S Fu, F Xing, Z You",2022,IEEE Transactions on Instrumentation and Measurement,https://doi.org/10.1109/tim.2022.3169757,metadata,Adaptive-window centroiding,Not reported (no abstract in retrieved metadata; verify in full text),Not reported (no abstract in retrieved metadata; verify in full text),Not reported (no abstract in retrieved metadata; verify in full text),Not reported (no abstract in retrieved metadata; verify in full text),Not reported (no abstract in retrieved metadata; verify in full text),Not reported (no abstract in retrieved metadata; verify in full text),Not reported (no abstract in retrieved metadata; verify in full text),Not reported,Not reported,Not reported,H - iterative windowed centroid = our IW-CoG,Iterative window re-centring,n/a,NR
L072,O ANN centroid,Artificial neural network for star tracker centroid computation,"P Zapevalin, A Novoselov, V Zharov",2023,Advances in Space Research,https://doi.org/10.1016/j.asr.2022.11.023,metadata,ANN centroiding,Not reported (no abstract in retrieved metadata; verify in full text),ANN (title),Not reported (no abstract in retrieved metadata; verify in full text),Not reported (no abstract in retrieved metadata; verify in full text),Not reported (no abstract in retrieved metadata; verify in full text),Not reported (no abstract in retrieved metadata; verify in full text),Not reported (no abstract in retrieved metadata; verify in full text),Not reported,Not reported,Not reported,M - learned centroiding alternative,n/a,n/a,NR
L073,U dynamic centroid,Centroid error compensation method for a star tracker under complex dynamic conditions,"W Tan, S Qin, RM Myers, TJ Morris, G Jiang, Y Zhao et al.",2017,Optics Express,https://doi.org/10.1364/oe.25.033559,metadata,Centroid error under motion,Not reported (no abstract in retrieved metadata; verify in full text),Not reported (no abstract in retrieved metadata; verify in full text),Not reported (no abstract in retrieved metadata; verify in full text),Not reported (no abstract in retrieved metadata; verify in full text),Not reported (no abstract in retrieved metadata; verify in full text),Dynamic conditions,Not reported (no abstract in retrieved metadata; verify in full text),Not reported,Not reported,Not reported,M - motion-induced centroid bias,Motion compensation of centroid,n/a,NR
L074,U threshold selection,Optimum threshold selection method of centroid computation for Gaussian spot,"X Li, X Li, C Wang",2015,Proc. SPIE,https://doi.org/10.1117/12.2199247,metadata,Threshold choice for centroiding,Not reported (no abstract in retrieved metadata; verify in full text),Not reported (no abstract in retrieved metadata; verify in full text),Not reported (no abstract in retrieved metadata; verify in full text),Not reported (no abstract in retrieved metadata; verify in full text),Not reported (no abstract in retrieved metadata; verify in full text),Not reported (no abstract in retrieved metadata; verify in full text),Not reported (no abstract in retrieved metadata; verify in full text),Not reported,Not reported,Not reported,"H - justifies our threshold = max(3σ, 0.25 peak)",Threshold selection rule,n/a,Yes
L075,D spread-spectrum beacon,High-Precision Position Detection and Communication Fusion Technology Using Beacon Spread-Spectrum Modulation with Four-Quadrant Detector,"S Chen, X Yu, J Ye, P Lin, Z Zhang, T Wang et al.",2024,Applied Sciences,https://doi.org/10.3390/app14083362,abstract,Beacon position precision degraded by background/noise,Spread-spectrum modulated beacon + QD,QD position detection,Not reported,Not reported,Four-quadrant detector,"Background light, detector noise",Not reported,Position precision,Not reported,Not reported,M - modulated beacon identification (future: designated-target ID),Beacon modulation for identity/background rejection,Camera-based coarse stage not addressed,Yes (hardware)
L076,O DL beacon finding,Fast Underwater Optical Beacon Finding and High Accuracy Visual Ranging Method Based on Deep Learning,"B Zhang, P Zhong, F Yang, T Zhou, L Shen",2022,Sensors,https://doi.org/10.3390/s22207940,abstract,"Detect small underwater optical beacons (attenuation, reflections)",Deep-learning beacon detection + monocular ranging,DL detector,Not reported,Not reported,Monocular camera,"Attenuation, mirror reflections",Not reported,Not reported,Not reported,Not reported,H - DL beacon detection with look-alike reflections (distractors),Distractor-aware beacon detection,Different medium,Claimed fast
L077,G turbid beacons,Tracking of light beacons in highly turbid water and application to underwater docking,"RT Amjad, M Mane, A Ali Amjad, W Ge, Z Zhang, J Xu",2022,Proc. SPIE Ocean Sensing and Monitoring XIV,https://doi.org/10.1117/12.2617191,metadata,Beacon tracking in turbid water,Not reported (no abstract in retrieved metadata; verify in full text),Not reported (no abstract in retrieved metadata; verify in full text),Not reported (no abstract in retrieved metadata; verify in full text),Not reported (no abstract in retrieved metadata; verify in full text),Not reported (no abstract in retrieved metadata; verify in full text),Turbidity (fog analogue),Not reported (no abstract in retrieved metadata; verify in full text),Not reported,Not reported,Not reported,M - low-contrast beacon tracking,Low-contrast handling,n/a,NR
L078,F DNANet,Dense Nested Attention Network for Infrared Small Target Detection,"B Li, C Xiao, L Wang, Y Wang, Z Lin, M Li et al.",2023,IEEE Transactions on Image Processing,https://doi.org/10.1109/tip.2022.3199107,metadata,IR small-target detection,Not reported (no abstract in retrieved metadata; verify in full text),Deep network (title),Not reported (no abstract in retrieved metadata; verify in full text),Not reported (no abstract in retrieved metadata; verify in full text),IR,Not reported (no abstract in retrieved metadata; verify in full text),Not reported (no abstract in retrieved metadata; verify in full text),Not reported,Not reported,Not reported,M - SOTA small-target DL (too heavy for 1 ms budget),Heat-map style small-target output,Latency on CPU likely high (NR),Doubtful on CPU (our assessment)
L079,F UIU-Net,UIU-Net: U-Net in U-Net for Infrared Small Object Detection,"X Wu, D Hong, J Chanussot",2023,IEEE Transactions on Image Processing,https://doi.org/10.1109/tip.2022.3228497,metadata,IR small object detection,Not reported (no abstract in retrieved metadata; verify in full text),Deep network (title),Not reported (no abstract in retrieved metadata; verify in full text),Not reported (no abstract in retrieved metadata; verify in full text),IR,Not reported (no abstract in retrieved metadata; verify in full text),Not reported (no abstract in retrieved metadata; verify in full text),Not reported,Not reported,Not reported,M,Nested U-Net idea,Heavy,Doubtful on CPU
L080,F PSTNN,Infrared Small Target Detection Based on Partial Sum of the Tensor Nuclear Norm,"L Zhang, Z Peng",2019,Remote Sensing,https://doi.org/10.3390/rs11040382,abstract,Real-time + detection ability rarely both achieved,Patch-tensor low-rank model,Low-rank + sparse decomposition,Not reported,Not reported,IR,Not reported,Not reported,Not reported,Not reported,Not reported,M - classical small-target alternative,Background suppression idea,Iterative optimisation cost,Claimed faster than peers
L081,F MSLSTIPT,Infrared Dim and Small Target Detection via Multiple Subspace Learning and Spatial-Temporal Patch-Tensor Model,"Y Sun, J Yang, W An",2021,IEEE Transactions on Geoscience and Remote Sensing,https://doi.org/10.1109/tgrs.2020.3022069,metadata,Dim small target detection,Not reported (no abstract in retrieved metadata; verify in full text),Not reported (no abstract in retrieved metadata; verify in full text),Not reported (no abstract in retrieved metadata; verify in full text),Not reported (no abstract in retrieved metadata; verify in full text),IR,Not reported (no abstract in retrieved metadata; verify in full text),Not reported (no abstract in retrieved metadata; verify in full text),Not reported,Not reported,Not reported,L-M,Spatio-temporal priors,Heavy,Doubtful
L082,S intelligent PF,An Intelligent Particle Filter for Infrared Dim Small Target Detection and Tracking,"M Tian, Z Chen, H Wang, L Liu",2022,IEEE Transactions on Aerospace and Electronic Systems,https://doi.org/10.1109/taes.2022.3169447,metadata,Joint detection/tracking of dim targets,Not reported (no abstract in retrieved metadata; verify in full text),Not reported (no abstract in retrieved metadata; verify in full text),Particle filter (title),Not reported (no abstract in retrieved metadata; verify in full text),IR,Not reported (no abstract in retrieved metadata; verify in full text),Not reported (no abstract in retrieved metadata; verify in full text),Not reported,Not reported,Not reported,M - track-before-detect alternative,PF for low SNR,Cost vs 20 FPS,NR
L083,G IR dataset,A dataset for infrared detection and tracking of dim-small aircraft targets under ground / air background,"B Hui, Z Song, H Fan, P Zhong, W Hu, X Zhang et al.",2020,China Scientific Data,https://doi.org/10.11922/csdata.2019.0074.zh,metadata,Public IR dim-small target dataset,Not reported,Not reported,Not reported,Not reported,IR,Not reported,Dataset,Not reported,Not reported,Not reported,Partially relevant dataset (see data strategy),Methodological test data for detector,Not an FSOC beacon,n/a
L084,G IRSDT,IRSDT: A Framework for Infrared Small Target Tracking with Enhanced Detection,"J Fan, J Wei, H Huang, D Zhang, C Chen",2023,Sensors,https://doi.org/10.3390/s23094240,abstract,IR small target detection+tracking in clutter,"Full-image detection, cropped-image detection, tracking (three components)",Detector on full & cropped image,Tracking module,Not reported,IR,Not reported,Not reported,Not reported,Not reported,Not reported,H - full-frame acquisition then ROI tracking = our structure,Full-frame -> ROI hand-off,"IR vehicles, not beacons",NR
L085,AL grid density,Real-time detection and tracking of infrared small targets based on grid fast density peaks searching and improved KCF,"P Yan, S Yao, Q Zhu, T Zhang, W Cui",2022,Infrared Physics & Technology,https://doi.org/10.1016/j.infrared.2022.104181,metadata,Real-time IR small target det+track,Not reported (no abstract in retrieved metadata; verify in full text),Grid density peaks (title),Improved KCF (title),Not reported (no abstract in retrieved metadata; verify in full text),IR,Not reported (no abstract in retrieved metadata; verify in full text),Not reported (no abstract in retrieved metadata; verify in full text),Not reported,Not reported,Not reported,M - real-time small-target pipeline,Density-peak candidate search,n/a,Real-time (title)
L086,F tiny survey,Deep learning-based detection from the perspective of small or tiny objects: A survey,"K Tong, Y Wu",2022,Image and Vision Computing,https://doi.org/10.1016/j.imavis.2022.104471,metadata,Survey of tiny-object DL detection,Not reported,Not reported,Not reported,Not reported,Not reported,Not reported,Survey,Not reported,Not reported,Not reported,M - why generic detectors struggle with 5-20 px objects,Argument against generic YOLO,n/a,n/a
L087,F AI-TOD,Tiny Object Detection in Aerial Images,"J Wang, W Yang, H Guo, R Zhang, G Xia",2021,ICPR 2020 (published 2021),https://doi.org/10.1109/icpr48806.2021.9413340,metadata,Tiny object detection benchmark,Not reported (no abstract in retrieved metadata; verify in full text),Not reported (no abstract in retrieved metadata; verify in full text),Not reported (no abstract in retrieved metadata; verify in full text),Not reported (no abstract in retrieved metadata; verify in full text),Not reported (no abstract in retrieved metadata; verify in full text),Not reported (no abstract in retrieved metadata; verify in full text),Benchmark (AI-TOD),Not reported,Not reported,Not reported,M - tiny-object difficulty evidence,n/a,n/a,n/a
L088,AM YOLO,"You Only Look Once: Unified, Real-Time Object Detection","J Redmon, S Divvala, R Girshick, A Farhadi",2016,CVPR 2016,https://doi.org/10.1109/cvpr.2016.91,metadata,Real-time object detection,Not reported (no abstract in retrieved metadata; verify in full text),Single-stage CNN detector,Not reported,Not reported,RGB,Not reported,Benchmarks,Not reported,Not reported,Not reported,M - common competitor choice; we justify not using it,n/a,Coarse grid poorly suited to 5-20 px spots (our assessment),GPU real-time
L089,F CenterNet,Objects as Points,"X Zhou, D Wang, P Krähenbühl",2019,arXiv:1904.07850,https://arxiv.org/abs/1904.07850,metadata,Keypoint-heat-map detection,Not reported,Centre heat-map,Not reported,Not reported,Not reported,Not reported,Not reported,Not reported,Not reported,Not reported,H - BeaconNet uses the same centre-heat-map formulation,Heat-map centre output,n/a,Yes (GPU)
L090,P SiamRPN,High Performance Visual Tracking with Siamese Region Proposal Network,"B Li, J Yan, W Wu, Z Zhu, X Hu",2018,CVPR 2018,https://doi.org/10.1109/cvpr.2018.00935,metadata,Siamese tracking,Not reported (no abstract in retrieved metadata; verify in full text),Not reported (no abstract in retrieved metadata; verify in full text),Siamese RPN,Not reported,RGB,Not reported,VOT benchmarks,Not reported,Not reported,Not reported,L-M - justify not using appearance trackers for textureless spot,n/a,Textureless beacon,GPU
L091,P DaSiamRPN,Distractor-Aware Siamese Networks for Visual Object Tracking,"Z Zhu, Q Wang, B Li, W Wu, J Yan, W Hu",2018,ECCV 2018 (LNCS),https://doi.org/10.1007/978-3-030-01240-3_7,metadata,Distractor-aware tracking,Not reported (no abstract in retrieved metadata; verify in full text),Not reported (no abstract in retrieved metadata; verify in full text),Siamese,Not reported,RGB,Not reported,Not reported (no abstract in retrieved metadata; verify in full text),Not reported,Not reported,Not reported,M - distractor-awareness concept,Distractor handling idea,Textureless beacon,GPU
L092,P VOT survey,Visual Object Tracking with Discriminative Filters and Siamese Networks: A Survey and Outlook,"S Javed, M Danelljan, FS Khan, MH Khan, M Felsberg, J Matas",2022,IEEE TPAMI,https://doi.org/10.1109/tpami.2022.3212594,metadata,Survey of DCF & Siamese trackers,Not reported,Not reported,Not reported,Not reported,Not reported,Not reported,Survey,Not reported,Not reported,Not reported,M - positioning vs generic VOT,n/a,n/a,n/a
L093,AN YOLO-LITE,YOLO-LITE: A Real-Time Object Detection Algorithm Optimized for Non-GPU Computers,"R Huang, J Pedoeem, C Chen",2018,IEEE BigData 2018,https://doi.org/10.1109/bigdata.2018.8621865,metadata,CPU real-time detection,Not reported (no abstract in retrieved metadata; verify in full text),Light CNN,Not reported,Not reported,Not reported,Not reported,Not reported (no abstract in retrieved metadata; verify in full text),Not reported,Not reported,Not reported,M - CPU budget reference,Small-network design,n/a,CPU real-time (title)
L094,AV event vision,Event-Based Vision: A Survey,"G Gallego, T Delbrück, G Orchard, C Bartolozzi, B Taba, A Censi et al.",2022,IEEE TPAMI,https://doi.org/10.1109/tpami.2020.3008413,metadata,Event cameras survey,Not reported,Not reported,Not reported,Not reported,Event camera,Not reported,Survey,Not reported,Not reported,Not reported,L - future sensor option; outside PS,n/a,Needs different hardware,n/a
L095,Q fading KF beacon,Noise adaptive fading Kalman filter for free-space laser communication beacon tracking,"L Li, Y Huang, Q Wang, F Yang",2016,Applied Optics,https://doi.org/10.1364/ao.55.008486,metadata,Adaptive KF for beacon tracking,Not reported (no abstract in retrieved metadata; verify in full text),Not reported (no abstract in retrieved metadata; verify in full text),Noise-adaptive fading KF (title),Not reported (no abstract in retrieved metadata; verify in full text),Not reported (no abstract in retrieved metadata; verify in full text),Not reported (no abstract in retrieved metadata; verify in full text),Not reported (no abstract in retrieved metadata; verify in full text),Not reported,Not reported,Not reported,H - prior art for adaptive noise in beacon tracking (N3 must cite),Adaptive R/Q concept,Our jitter-isolating second-difference estimator differs (verify),Yes
L096,Q PAA KF,Point ahead angle prediction based on Kalman filtering of optical axis pointing angle in satellite laser communication,"Z Furui, R Ping, H Junfeng",2020,Optical Review,https://doi.org/10.1007/s10043-020-00608-6,metadata,KF prediction of pointing angle,Not reported (no abstract in retrieved metadata; verify in full text),Not reported (no abstract in retrieved metadata; verify in full text),Kalman filter,Not reported (no abstract in retrieved metadata; verify in full text),Not reported (no abstract in retrieved metadata; verify in full text),Not reported (no abstract in retrieved metadata; verify in full text),Not reported (no abstract in retrieved metadata; verify in full text),Not reported,Not reported,Not reported,M - prediction for latency/point-ahead,Prediction of LOS,n/a,Yes
L097,R robust IMM,Robust Interacting Multiple Model With Modeling Uncertainties for Maneuvering Target Tracking,"W Youn, H Myung",2019,IEEE Access,https://doi.org/10.1109/access.2019.2915506,metadata,Robust IMM,Not reported (no abstract in retrieved metadata; verify in full text),Not reported (no abstract in retrieved metadata; verify in full text),IMM,Not reported,Not reported,Not reported,Not reported (no abstract in retrieved metadata; verify in full text),Not reported,Not reported,Not reported,H - IMM prior art,Robust mode mixing,n/a,Yes
L098,R IMM-CKF,An Improved Interacting Multiple Model Filtering Algorithm Based on the Cubature Kalman Filter for Maneuvering Target Tracking,"W Zhu, W Wang, G Yuan",2016,Sensors,https://doi.org/10.3390/s16060805,abstract,Accuracy and quick response in multiple-model tracking,IMM with fifth-degree cubature KF,Not reported,IMM + CKF,Not reported,Not reported,Not reported,Simulation,Not reported,Not reported,Not reported,M - nonlinear IMM variants (not needed: linear measurement in gimbal frame),Model-set design,n/a,Yes
L099,R adaptive UKF,Adaptive Unscented Kalman Filter for Target Tracking with Unknown Time-Varying Noise Covariance,"B Ge, H Zhang, L Jiang, Z Li, MM Butt",2019,Sensors,https://doi.org/10.3390/s19061371,abstract,UKF unstable under noise-covariance mismatch,Adaptive UKF for time-varying noise covariance,Not reported,Adaptive UKF,Not reported,Not reported,Time-varying noise,Not reported,Not reported,Not reported,Not reported,M - adaptive noise estimation prior art,Covariance adaptation,n/a,Yes
L100,Q KF review,Kalman Filter: Historical Overview and Review of Its Use in Robotics 60 Years after Its Creation,"C Urrea, R Agramonte",2021,Journal of Sensors,https://doi.org/10.1155/2021/9674015,abstract,KF variants review,Not reported,Not reported,KF/EKF/UKF variants,Not reported,Not reported,Not reported,Review,Not reported,Not reported,Not reported,L-M - background,Consistency/convergence checks,n/a,n/a
L101,Z MPC gimbal,Model predictive control of three-axis gimbal system mounted on UAV for real-time target tracking under external disturbances,"A Altan, R Hacıoğlu",2020,Mechanical Systems and Signal Processing,https://doi.org/10.1016/j.ymssp.2019.106548,metadata,MPC gimbal tracking under disturbances,Not reported (no abstract in retrieved metadata; verify in full text),Not reported (no abstract in retrieved metadata; verify in full text),Not reported (no abstract in retrieved metadata; verify in full text),MPC,Not reported (no abstract in retrieved metadata; verify in full text),External disturbances,Not reported (no abstract in retrieved metadata; verify in full text),Not reported,Not reported,Not reported,H - MPC alternative for our controller,Constraint-aware control,Compute; we use time-optimal slew shaping instead,Real-time (title)
L102,Y predictive pan-tilt,Predictive tracking of an object by a pan–tilt camera of a robot,"R Nebeluk, K Zarzycki, D Seredyński, P Chaber, M Figat, PD Domański et al.",2023,Nonlinear Dynamics,https://doi.org/10.1007/s11071-023-08295-z,abstract,Pan-tilt camera control within a visual servoing system,Predictive control strategy for pan-tilt tracking,Not reported,Not reported,Predictive (MPC-type),Pan-tilt camera,Not reported,Not reported,Not reported,Not reported,Not reported,H - predictive pan-tilt tracking prior art,Prediction-based control,n/a,Yes
L103,Y pan-tilt ISP,Vision-Based Target Detection and Tracking for a Miniature Pan-Tilt Inertially Stabilized Platform,"J Guo, C Yuan, X Zhang, F Chen",2021,Electronics,https://doi.org/10.3390/electronics10182243,abstract,Visual servoing on a quadcopter pan-tilt ISP,ISP isolates carrier rotation + visual target tracking,Vision detection,Visual tracking,Visual servoing + inertial stabilisation,Camera + inertial sensors,Carrier rotational motion,Quadcopter-mounted,Not reported,Not reported,Not reported,H - IMU stabilisation + vision (supports IMU feed-forward),Inertial isolation of platform motion,n/a,Yes
L104,Z MPC pan-tilt,Visual Servo Application Using Model Predictive Control (MPC) Method on Pan-tilt Camera Platform,"CFD Saragih, FMTR Kinasih, C Machbub, PH Rusmin, AS Rohman",2019,ICA 2019,https://doi.org/10.1109/ica.2019.8916673,metadata,MPC visual servo pan-tilt,Not reported (no abstract in retrieved metadata; verify in full text),Not reported (no abstract in retrieved metadata; verify in full text),Not reported (no abstract in retrieved metadata; verify in full text),MPC,Not reported (no abstract in retrieved metadata; verify in full text),Not reported (no abstract in retrieved metadata; verify in full text),Not reported (no abstract in retrieved metadata; verify in full text),Not reported,Not reported,Not reported,M,MPC formulation,n/a,NR
L105,X delayed feedback,Gimbal Tracking Control with Delayed Feedback of Target Information,"E Koh, J Lee, J Park, J Lim, D Kim",2019,J. Electrical Engineering & Technology,https://doi.org/10.1007/s42835-019-00172-3,metadata,Gimbal control with delayed vision feedback,Not reported (no abstract in retrieved metadata; verify in full text),Not reported (no abstract in retrieved metadata; verify in full text),Not reported (no abstract in retrieved metadata; verify in full text),Not reported (no abstract in retrieved metadata; verify in full text),Not reported (no abstract in retrieved metadata; verify in full text),Feedback delay,Not reported (no abstract in retrieved metadata; verify in full text),Not reported,Not reported,Not reported,H - supports latency compensation,Delay compensation,n/a,NR
L106,AB accel FF,Accelerometer-Assisted Disturbance Feedforward Control of an Inertially Stabilized Platform,"Q Bian, Y Wang, Y Ruan, T Tang",2023,IEEE Sensors Journal,https://doi.org/10.1109/jsen.2023.3259446,metadata,Disturbance feed-forward from inertial sensors,Not reported (no abstract in retrieved metadata; verify in full text),Not reported (no abstract in retrieved metadata; verify in full text),Not reported (no abstract in retrieved metadata; verify in full text),Disturbance feed-forward (title),Accelerometer,Not reported (no abstract in retrieved metadata; verify in full text),Not reported (no abstract in retrieved metadata; verify in full text),Not reported,Not reported,Not reported,H - prior art for IMU feed-forward,Inertial feed-forward,n/a,Yes
L107,AB ADRC FSM,Improved ADRC With ILC Control of a CCD-Based Tracking Loop for Fast Steering Mirror System,"Q Dong, Y Liu, Y Zhang, S Gao, T Chen",2018,IEEE Photonics Journal,https://doi.org/10.1109/jphot.2018.2846287,metadata,CCD-based tracking loop control,Not reported (no abstract in retrieved metadata; verify in full text),Not reported (no abstract in retrieved metadata; verify in full text),Not reported (no abstract in retrieved metadata; verify in full text),ADRC + ILC,CCD,Not reported (no abstract in retrieved metadata; verify in full text),Not reported (no abstract in retrieved metadata; verify in full text),Not reported,Not reported,Not reported,M - camera-loop disturbance rejection,ADRC idea for future,n/a,Yes
L108,AB MEMS DOB,MEMS Inertial Sensors-Based Multi-Loop Control Enhanced by Disturbance Observation and Compensation for Fast Steering Mirror System,"C Deng, Y Mao, G Ren",2016,Sensors,https://doi.org/10.3390/s16111920,abstract,Improve disturbance suppression of CCD-based FSM tracking,Multi-loop control + disturbance observation & compensation with MEMS inertial sensors,Not reported,Not reported,Multi-loop + DOC,CCD + MEMS gyro/accelerometer,Platform disturbance,Not reported,Not reported,Not reported,Not reported,H - camera + inertial multi-loop (validates our IMU FF design),Inertial inner loop + camera outer loop,n/a,Yes
L109,X SMC FSM,System modeling and sliding mode control of fast steering mirror for space laser communication,"Z Li, L Li, J Zhang, W Feng",2024,Mechanical Systems and Signal Processing,https://doi.org/10.1016/j.ymssp.2024.111206,metadata,FSM modelling & SMC,Not reported (no abstract in retrieved metadata; verify in full text),Not reported (no abstract in retrieved metadata; verify in full text),Not reported (no abstract in retrieved metadata; verify in full text),Sliding mode,Not reported (no abstract in retrieved metadata; verify in full text),Not reported (no abstract in retrieved metadata; verify in full text),Not reported (no abstract in retrieved metadata; verify in full text),Not reported,Not reported,Not reported,L-M - fine stage,n/a,n/a,Yes
L110,X FSM ADRC,High-dynamic tracking control technology for the fast-steering mirror in a laser communication system,"L Wang, F Zhang, H Sun, J Zhao, Y He, R Zan et al.",2025,Applied Optics,https://doi.org/10.1364/ao.571901,abstract,"High-dynamic, high-precision FSM tracking",ADRC with reduced-order ESO,Not reported,Not reported,ADRC,Not reported,Not reported,Not reported,Not reported,Not reported,Not reported,L-M - fine stage,ESO concept,n/a,Yes
L111,AB DOBC gimbal,Robust DOBC for Stabilization Loop of a Two-Axes Gimbal System,"W Ren, Q Qiao, K Nie, Y Mao",2019,IEEE Access,https://doi.org/10.1109/access.2019.2933447,metadata,Gimbal stabilisation with DOBC,Not reported (no abstract in retrieved metadata; verify in full text),Not reported (no abstract in retrieved metadata; verify in full text),Not reported (no abstract in retrieved metadata; verify in full text),DOBC,Not reported (no abstract in retrieved metadata; verify in full text),Not reported (no abstract in retrieved metadata; verify in full text),Not reported (no abstract in retrieved metadata; verify in full text),Not reported,Not reported,Not reported,M - gimbal disturbance rejection,DOB for future gimbal loop,n/a,Yes
L112,AW DRL tracking,Coarse-to-Fine UAV Target Tracking With Deep Reinforcement Learning,"W Zhang, K Song, X Rong, Y Li",2019,IEEE Trans. Automation Science and Engineering,https://doi.org/10.1109/tase.2018.2877499,metadata,DRL coarse-to-fine tracking,Not reported (no abstract in retrieved metadata; verify in full text),Not reported (no abstract in retrieved metadata; verify in full text),Not reported (no abstract in retrieved metadata; verify in full text),DRL policy,Not reported (no abstract in retrieved metadata; verify in full text),Not reported (no abstract in retrieved metadata; verify in full text),Not reported (no abstract in retrieved metadata; verify in full text),Not reported,Not reported,Not reported,M - RL alternative we rejected (verifiability),Coarse-to-fine concept,"Data-hungry, hard to certify",NR
L113,AF platform jitter,Characterization and Comparison of CubeSat and Drone Platform Jitter Effects on Laser Beam Pointing Stability,Not retrieved,2022,Preprints.org (per OpenAlex),https://openalex.org/W4291001766,metadata,Platform jitter on pointing,Not reported (no abstract in retrieved metadata; verify in full text),Not reported (no abstract in retrieved metadata; verify in full text),Not reported (no abstract in retrieved metadata; verify in full text),Not reported (no abstract in retrieved metadata; verify in full text),Not reported (no abstract in retrieved metadata; verify in full text),Platform jitter,Not reported (no abstract in retrieved metadata; verify in full text),Not reported,Not reported,Not reported,H - platform jitter spectra (calibrate vibration model),Jitter characterisation,Preprint,n/a
L114,AC propagation,Laser Beam Atmospheric Propagation Modelling for Aerospace LIDAR Applications,"T Fahey, M Islam, A Gardi, R Sabatini",2021,Atmosphere,https://doi.org/10.3390/atmos12070918,metadata,Atmospheric propagation modelling,Not reported (no abstract in retrieved metadata; verify in full text),Not reported (no abstract in retrieved metadata; verify in full text),Not reported (no abstract in retrieved metadata; verify in full text),Not reported (no abstract in retrieved metadata; verify in full text),Not reported (no abstract in retrieved metadata; verify in full text),"Extinction, turbulence",Not reported (no abstract in retrieved metadata; verify in full text),Not reported,Not reported,Not reported,M - atmosphere model grounding,Extinction/turbulence modelling,n/a,n/a
L115,AC sat-ground,Atmospheric Effects on Satellite–Ground Free Space Uplink and Downlink Optical Transmissions,"N Maharjan, N Devkota, BW Kim",2022,Applied Sciences,https://doi.org/10.3390/app122110944,metadata,Atmospheric effects on sat-ground FSO,Not reported (no abstract in retrieved metadata; verify in full text),Not reported (no abstract in retrieved metadata; verify in full text),Not reported (no abstract in retrieved metadata; verify in full text),Not reported (no abstract in retrieved metadata; verify in full text),Not reported (no abstract in retrieved metadata; verify in full text),"Absorption, scattering, turbulence",Not reported (no abstract in retrieved metadata; verify in full text),Not reported,Not reported,Not reported,M,Condition taxonomy,n/a,n/a
L116,AD Indian weather,Performance Analysis of FSO Systems over Atmospheric Turbulence Channel for Indian Weather Conditions,P Krishnan,2019,Turbulence and Related Phenomena (IntechOpen),https://doi.org/10.5772/intechopen.80275,metadata,FSO under Indian weather,Not reported (no abstract in retrieved metadata; verify in full text),Not reported (no abstract in retrieved metadata; verify in full text),Not reported (no abstract in retrieved metadata; verify in full text),Not reported (no abstract in retrieved metadata; verify in full text),Not reported (no abstract in retrieved metadata; verify in full text),"Turbulence, Indian weather",Not reported (no abstract in retrieved metadata; verify in full text),Not reported,Not reported,Not reported,H - India-specific atmospheric context for ISRO,Indian-weather scenario presets (future),n/a,n/a
L117,AC fog+turbulence,Joint channel model for fog and atmospheric turbulence and performance analysis of unmanned aerial vehicles’ free-space optical communication,"R Yang, J Han, L Liang, R Li, Y Zhou",2023,Optical Engineering,https://doi.org/10.1117/1.oe.62.1.016104,abstract,Joint effect of turbulence and fog on UAV FSO,"Joint fog–turbulence–pointing-error probability model (random fog, Malaga turbulence)",Not reported,Not reported,Not reported,Not reported,Fog + turbulence + pointing error,Analytical,"SNR, outage, BER, capacity",Closed-form expressions (abstract),Not reported,H - supports combined fog+turbulence+pointing scenario (M/N),Combined disturbance modelling,"Link-level, not image-level",n/a
L118,AE DCP review,A review on dark channel prior based image dehazing algorithms,Not retrieved (Crossref mismatch),2016,EURASIP J. Image and Video Processing (per OpenAlex),https://openalex.org/W2287129901,metadata,Dehazing review,Not reported (no abstract in retrieved metadata; verify in full text),Not reported (no abstract in retrieved metadata; verify in full text),Not reported (no abstract in retrieved metadata; verify in full text),Not reported (no abstract in retrieved metadata; verify in full text),Not reported (no abstract in retrieved metadata; verify in full text),Haze,Not reported (no abstract in retrieved metadata; verify in full text),Not reported,Not reported,Not reported,M - haze image-formation model (I = J t + A(1-t)),Air-light + transmission model used in our haze/fog renderer,n/a,n/a
L119,AE Dense-Haze,Dense-Haze: A Benchmark for Image Dehazing with Dense-Haze and Haze-Free Images,"CO Ancuti, C Ancuti, M Sbert, R Timofte",2019,IEEE ICIP 2019,https://openalex.org/W2937612027,metadata,Real dense-haze image pairs,Not reported,Not reported,Not reported,Not reported,Camera,Not reported,Dataset,Not reported,Not reported,Not reported,Partially relevant dataset - haze appearance validation,Validate haze contrast model,Not beacon imagery,n/a
L120,AE Poisson-Gaussian,Poisson–Gaussian Noise Analysis and Estimation for Low-Dose X-ray Images in the NSCT Domain,"S Lee, M Lee, M Kang",2018,Sensors,https://doi.org/10.3390/s18041019,abstract,Noise estimation for low-dose sensors,Poisson–Gaussian mixture noise analysis,Not reported,Not reported,Not reported,X-ray sensor,Poisson-Gaussian noise,Not reported,Not reported,Not reported,Not reported,M - justifies shot+read noise model,Mixed noise model,Different modality,n/a
L121,AE switching median,Adaptive switching weighted median filter framework for suppressing salt-and-pepper noise,"OS Faragallah, HM Ibrahem",2016,AEU Int. J. Electronics and Communications,https://doi.org/10.1016/j.aeue.2016.04.018,metadata,Impulse noise removal,Not reported (no abstract in retrieved metadata; verify in full text),Not reported (no abstract in retrieved metadata; verify in full text),Not reported (no abstract in retrieved metadata; verify in full text),Not reported (no abstract in retrieved metadata; verify in full text),Not reported (no abstract in retrieved metadata; verify in full text),Salt & pepper,Not reported (no abstract in retrieved metadata; verify in full text),Not reported,Not reported,Not reported,H - basis of our impulse-fraction-switched median,Switching median by noise density,n/a,Yes
L122,AI fog simulation,Fog Simulation on Real LiDAR Point Clouds for 3D Object Detection in Adverse Weather,"M Hahner, C Sakaridis, D Dai, L Van Gool",2021,ICCV 2021,https://openalex.org/W3187263517,metadata,Physically based fog simulation for training data,Not reported,Not reported,Not reported,Not reported,LiDAR,Fog,Not reported,Not reported,Not reported,Not reported,M - precedent for physics-based synthetic adverse-weather data,Physics-based augmentation argument,LiDAR not camera,n/a
L123,AJ HIL overview,Hardware-in-the-Loop Simulations: A Historical Overview of Engineering Challenges,"F Mihalič, M Truntič, A Hren",2022,Electronics,https://doi.org/10.3390/electronics11152462,abstract,HIL simulation overview,Closed loop between hardware under test and real-time simulation (FPGA/DSP),Not reported,Not reported,Not reported,Not reported,Not reported,Review,Not reported,Not reported,Not reported,H - SIL->HIL roadmap justification,HIL architecture,n/a,n/a
L124,AJ CubeSat SIL/HIL,Hardware-In-The-Loop and Software-In-The-Loop Testing of the MOVE-II CubeSat,"J Kiesbye, D Messmann, M Preisinger, G Reina, D Nagy, F Schummer et al.",2019,Aerospace,https://doi.org/10.3390/aerospace6120130,abstract,Low-cost HIL/SIL environment for CubeSats,HIL/SIL test environment,Not reported,Not reported,Not reported,Not reported,Not reported,MOVE-II CubeSat,Not reported,Benefits for low-cost development (abstract),Not reported,H - precedent: SIL/HIL reduces cost in space-hardware development (our impact argument),SIL->HIL pathway,n/a,n/a
L125,AK turbulence bench,Emulating and characterizing strong turbulence conditions for space-to-ground optical links: the PICOLO bench,"P Robles, C Petit, M Velluet, L Le Leuch, A Montmerle-Bonnefois, L Paillier et al.",2023,"J. Astronomical Telescopes, Instruments, and Systems",https://doi.org/10.1117/1.jatis.9.4.049002,abstract,Lab emulation of strong turbulence for LEO-ground links,Turbulence emulation bench; characterise phase and scintillation dynamics,Not reported,Not reported,Not reported,Not reported,"Strong turbulence, scintillation",Lab bench (10° elevation link),Not reported,Not reported,Not reported,H - turbulence emulation for testing (future HIL with our software),Scintillation temporal dynamics,Hardware bench,n/a
L126,AK ship-sat sim,Development of a Numerical Simulation Model to Support the Design of a Ship–Satellite Communication System for Autonomous Marine Navigation,"F Del Mondo, S Seriani, P Gallina, A Gregorio, R Taccani",2023,Remote Sensing,https://doi.org/10.3390/rs15245729,abstract,Numerical simulation of ship-satellite laser link with 2-DoF acquisition,Simulation of 2-DoF acquisition/pointing under ship motion,Not reported,Not reported,2-DoF mechanism,Not reported,Ship motion,Numerical simulation,Not reported,Not reported,Not reported,H - simulation-based PAT design precedent,Platform-motion simulation,n/a,n/a
L127,AI OWC digital twin,Towards the Development of Digital Twins for OWC Networks,"SK Modalavalasa, CG Yanez, SR Teli, C Giachoudis, S Zvanovec, T Kamalakis et al.",2025,SoftCOM 2025,https://doi.org/10.23919/softcom66362.2025.11197393,metadata,Digital twins for optical wireless networks,Not reported (no abstract in retrieved metadata; verify in full text),Not reported (no abstract in retrieved metadata; verify in full text),Not reported (no abstract in retrieved metadata; verify in full text),Not reported (no abstract in retrieved metadata; verify in full text),Not reported (no abstract in retrieved metadata; verify in full text),Not reported (no abstract in retrieved metadata; verify in full text),Not reported (no abstract in retrieved metadata; verify in full text),Not reported,Not reported,Not reported,M - digital-twin framing,Digital twin vocabulary,n/a,n/a
L128,O DL turbulence,Deep learning-based approach for detection of turbulence-induced distortions in free-space optical communication links,"H Bakır, K Elmabruk",2023,Physica Scripta,https://doi.org/10.1088/1402-4896/acd4fa,abstract,Detect turbulence-induced OAM mode distortion,DL classifiers on simulated intensity profiles,Not reported,Not reported,Not reported,Not reported,"4 turbulence levels, 5 km",Simulated dataset,Not reported,Not reported,Not reported,"L - DL in FSO, different task",Synthetic-data DL precedent,Not PAT,n/a
L129,O DL availability,Anticipating Optical Availability in Hybrid RF/FSO Links Using RF Beacons and Deep Learning,"M Ibrahim, A Ahmad, S Ekin, P LoPresti, S Altunc, O Kegege et al.",2024,IEEE Trans. Machine Learning in Communications and Networking,https://doi.org/10.1109/tmlcn.2024.3457490,metadata,Predict FSO availability,Not reported (no abstract in retrieved metadata; verify in full text),Not reported (no abstract in retrieved metadata; verify in full text),Not reported (no abstract in retrieved metadata; verify in full text),Not reported (no abstract in retrieved metadata; verify in full text),RF beacons,Not reported (no abstract in retrieved metadata; verify in full text),Not reported (no abstract in retrieved metadata; verify in full text),Not reported,Not reported,Not reported,L,Availability prediction,n/a,n/a
L130,AS vibration scan,Mitigating the Impact of Satellite Vibrations on the Acquisition of Satellite Laser Links Through Optimized Scan Path and Parameters,Not retrieved (found by web search),2025,Photonics,https://doi.org/10.3390/photonics12050444,metadata,Scan-path optimisation under vibration,Not reported (no abstract in retrieved metadata; verify in full text),Not reported (no abstract in retrieved metadata; verify in full text),Not reported (no abstract in retrieved metadata; verify in full text),Not reported (no abstract in retrieved metadata; verify in full text),Not reported (no abstract in retrieved metadata; verify in full text),Vibration,Not reported (no abstract in retrieved metadata; verify in full text),Not reported,Not reported,Not reported,H - newest scan-optimisation prior art,Scan parameter optimisation,Open-loop scan,NR
L131,AT multi-field,Multifield acquisition technology for a narrow beacon laser on the non-orbit determination platform,Not retrieved (found by web search),0,Applied Optics (Optica publishing; year to verify),https://opg.optica.org/ao/upcoming_pdf.cfm?id=401764,metadata,Multi-field-of-view acquisition of a narrow beacon,Not reported (no abstract in retrieved metadata; verify in full text),Not reported (no abstract in retrieved metadata; verify in full text),Not reported (no abstract in retrieved metadata; verify in full text),Not reported (no abstract in retrieved metadata; verify in full text),Not reported (no abstract in retrieved metadata; verify in full text),Not reported (no abstract in retrieved metadata; verify in full text),Not reported (no abstract in retrieved metadata; verify in full text),Not reported,Not reported,Not reported,H - prior art for multi-FOV acquisition (N1 must cite),Wide->narrow field hand-off,FOV switching by rule (to verify),NR
L132,AT wide-FOV portable,Wide-field-of-view rapid acquisition and tracking control for portable optical communication systems,Not retrieved (found by web search),2025,Optics Communications,https://www.sciencedirect.com/science/article/abs/pii/S0030401825003189,metadata,Rapid wide-FOV acquisition for portable terminals,Not reported (no abstract in retrieved metadata; verify in full text),Not reported (no abstract in retrieved metadata; verify in full text),Not reported (no abstract in retrieved metadata; verify in full text),Not reported (no abstract in retrieved metadata; verify in full text),Not reported (no abstract in retrieved metadata; verify in full text),Not reported (no abstract in retrieved metadata; verify in full text),Not reported (no abstract in retrieved metadata; verify in full text),Not reported,Not reported,Not reported,H - prior art for wide-FOV rapid acquisition (N1 must cite),Wide-FOV acquisition,Details to verify,NR
L133,AS PTZ info-theoretic,Non-myopic information theoretic sensor management of a single pan–tilt–zoom camera for multiple object detection and tracking,Not retrieved (found by web search),2015,Computer Vision and Image Understanding,https://www.sciencedirect.com/science/article/abs/pii/S1077314214002392,metadata,Information-theoretic PTZ camera control,Not reported (no abstract in retrieved metadata; verify in full text),Not reported (no abstract in retrieved metadata; verify in full text),Not reported (no abstract in retrieved metadata; verify in full text),Info-theoretic sensor management,Not reported (no abstract in retrieved metadata; verify in full text),Not reported (no abstract in retrieved metadata; verify in full text),Not reported (no abstract in retrieved metadata; verify in full text),Not reported,Not reported,Not reported,H - closest CV prior art for belief-driven look selection incl. zoom (N1 must cite),Look selection maximising information,"Surveillance context, not FSOC; Pd model from CFAR not used (to verify)",NR
L134,AS PTZ active search,Dynamic Active Search for quick object detection with pan-tilt-zoom camera,Not retrieved (found by web search; pre-2015),0,(ResearchGate record; venue/year to verify),https://www.researchgate.net/publication/224074093,metadata,Active search with PTZ camera,Not reported (no abstract in retrieved metadata; verify in full text),Not reported (no abstract in retrieved metadata; verify in full text),Not reported (no abstract in retrieved metadata; verify in full text),Not reported (no abstract in retrieved metadata; verify in full text),Not reported (no abstract in retrieved metadata; verify in full text),Not reported (no abstract in retrieved metadata; verify in full text),Not reported (no abstract in retrieved metadata; verify in full text),Not reported,Not reported,Not reported,M - prior art (outside 2015-2026 window),Active search,n/a,NR
