frame,t,mode,detected,meas_x,meas_y,est_x,est_y,snr,confidence,truth_x,truth_y,centroid_err_px,est_err_px,proc_ms
0,0.0,ACQUIRE,1,1012.639,682.592,,,39.89,0.991,1012.8116,682.6418,0.1796,,129.824
1,0.0333,TRACK,1,1019.924,686.17,1019.924,686.17,39.33,0.996,1020.012,686.2571,0.1236,0.1236,136.682
2,0.0667,TRACK,1,1019.881,680.83,1019.889,681.88,39.45,0.992,1019.8985,680.7964,0.0375,1.084,6.824
3,0.1,TRACK,1,1013.608,663.846,1015.079,667.121,48.53,0.995,1013.5663,663.8032,0.0594,3.6465,2.525
4,0.1333,TRACK,1,1015.764,668.705,1014.628,664.708,37.92,0.994,1015.774,668.6575,0.0482,4.1127,6.494
5,0.1667,TRACK,1,1013.874,655.973,1013.416,656.741,48.74,0.99,1013.9445,655.9548,0.0729,0.9469,7.91
6,0.2,TRACK,1,1013.651,647.583,1012.691,648.552,48.31,0.989,1013.721,647.6912,0.1283,1.3423,6.332
7,0.2333,TRACK,1,1012.414,649.962,1011.78,644.893,46.82,0.991,1012.4814,650.062,0.1207,5.2167,2.402
8,0.2667,TRACK,1,995.089,629.129,1004.333,634.593,47.81,0.994,995.1659,629.0704,0.0964,10.7019,2.383
9,0.3,TRACK,1,1001.621,636.816,1001.668,628.333,45.81,0.99,1001.6368,636.8112,0.0167,8.4784,2.858
10,0.3333,TRACK,1,1001.953,621.17,1000.005,621.152,45.11,0.992,1001.9806,621.1337,0.0451,1.9752,5.06
11,0.3667,TRACK,1,993.727,618.718,996.243,614.591,45.76,0.995,993.7257,618.7466,0.029,4.8585,2.345
12,0.4,TRACK,1,992.894,605.717,993.345,607.18,51.3,0.994,992.887,605.7464,0.0301,1.5053,2.262
13,0.4333,TRACK,1,993.845,595.132,991.626,598.869,54.1,0.992,993.848,595.1024,0.03,4.3731,2.467
14,0.4667,TRACK,1,1005.843,600.028,995.254,594.118,44.65,0.991,1005.8045,600.0506,0.0448,12.1037,2.254
15,0.5,TRACK,1,991.667,584.189,993.155,586.298,41.98,0.993,991.857,584.063,0.2283,2.585,7.59
16,0.5333,TRACK,1,991.897,580.586,991.765,579.568,42.64,0.993,991.9428,580.7514,0.1717,1.1964,2.298
17,0.5667,TRACK,1,995.534,575.573,991.895,573.397,44.94,0.99,995.5331,575.7018,0.1284,4.3068,2.331
18,0.6,TRACK,1,998.156,568.341,993.374,567.112,48.79,0.994,998.1335,568.2023,0.1409,4.8825,2.246
19,0.6333,TRACK,1,993.593,564.331,993.106,561.594,46.6,0.992,993.5503,564.177,0.1597,2.6206,2.292
20,0.6667,TRACK,1,995.783,549.215,993.788,553.215,52.07,0.991,995.8795,549.1782,0.1031,4.5459,6.407
21,0.7,TRACK,1,1004.499,547.357,997.768,546.782,42.21,0.991,1004.424,547.2209,0.1554,6.6709,2.276
22,0.7333,TRACK,1,1003.041,546.227,1000.317,541.856,43.24,0.991,1003.0278,546.2755,0.0505,5.1845,2.205
23,0.7667,TRACK,1,1000.074,525.993,1000.978,532.603,31.82,0.985,1000.2825,526.0009,0.2089,6.6391,6.405
24,0.8,TRACK,1,1006.03,521.784,1003.62,524.689,47.25,0.997,1006.081,521.8301,0.0685,3.772,2.266
25,0.8333,TRACK,1,1006.331,524.117,1005.632,519.342,33.78,0.993,1006.0947,524.2596,0.2762,4.9392,2.329
26,0.8667,TRACK,1,1011.746,508.904,1009.017,511.616,51.77,0.983,1011.7605,509.0528,0.1497,3.7549,2.277
27,0.9,TRACK,1,1005.283,500.798,1008.967,503.661,55.61,0.998,1005.2814,500.8337,0.0359,4.645,2.293
28,0.9333,TRACK,1,1010.098,492.97,1010.525,495.606,55.44,0.992,1010.0875,492.8439,0.1262,2.7969,2.255
29,0.9667,TRACK,1,1017.107,492.381,1014.011,489.563,40.2,0.992,1017.0037,492.4852,0.1471,4.1826,6.513
30,1.0,TRACK,1,1017.11,481.115,1016.567,482.113,48.14,0.987,1017.2396,481.1615,0.1374,1.1654,2.216
31,1.0333,TRACK,1,1015.256,471.811,1017.604,474.023,58.86,0.991,1015.221,471.7974,0.0378,3.261,2.285
32,1.0667,TRACK,1,1023.559,469.036,1021.141,467.457,61.27,0.991,1023.4768,468.9706,0.1049,2.7835,6.359
33,1.1,TRACK,1,1017.142,460.697,1021.345,460.402,65.77,0.996,1017.1127,460.6598,0.0471,4.2406,2.196
34,1.1333,TRACK,1,1020.941,458.61,1022.562,454.755,65.06,0.996,1020.9053,458.6907,0.0877,4.2699,2.203
35,1.1667,TRACK,1,1036.804,453.954,1028.653,449.551,54.58,0.996,1036.8664,453.8055,0.161,9.2498,2.262
36,1.2,TRACK,1,1029.705,435.954,1030.828,440.474,63.36,0.991,1029.6259,435.9446,0.0793,4.6858,2.228
37,1.2333,TRACK,1,1033.711,432.791,1033.56,433.29,60.77,0.993,1033.6926,432.7796,0.0212,0.5269,2.238
38,1.2667,TRACK,1,1035.31,429.451,1036.018,427.045,56.11,0.989,1035.2928,429.4831,0.0368,2.5438,2.14
39,1.3,TRACK,1,1035.45,422.236,1037.68,420.796,50.9,0.992,1035.4073,422.3597,0.1306,2.7586,6.489
40,1.3333,TRACK,1,1046.46,411.524,1042.396,413.001,62.62,0.986,1046.3753,411.5154,0.0853,4.2478,6.267
41,1.3667,TRACK,1,1045.619,415.024,1045.43,409.394,75.28,0.989,1045.5957,415.0325,0.0251,5.6412,3.556
42,1.4,TRACK,1,1056.595,410.313,1050.893,405.526,58.76,0.994,1056.6279,410.3164,0.0333,7.4726,2.233
43,1.4333,TRACK,1,1064.859,397.532,1056.961,398.916,70.96,0.993,1064.8432,397.5387,0.0174,8.0018,3.352
44,1.4667,TRACK,1,1056.369,399.692,1059.813,394.909,65.99,0.991,1056.3713,399.6818,0.0103,5.8841,6.303
45,1.5,TRACK,1,1064.493,382.736,1063.833,387.242,75.09,0.989,1064.5319,382.6778,0.0703,4.6178,4.705
46,1.5333,TRACK,1,1071.11,382.689,1068.746,381.7,59.67,0.985,1070.9915,382.697,0.1185,2.4566,2.238
47,1.5667,TRACK,1,1075.009,373.272,1073.65,375.044,36.61,0.987,1074.8785,373.309,0.1355,2.1258,2.252
48,1.6,TRACK,1,1084.093,371.394,1080.112,369.748,61.73,0.994,1083.9462,371.5155,0.1911,4.2215,6.343
49,1.6333,TRACK,1,1081.979,371.564,1084.003,366.041,52.32,0.991,1082.1419,371.4992,0.1755,5.767,2.37
50,1.6667,TRACK,1,1080.489,362.144,1086.635,360.989,54.47,0.995,1080.4325,362.0049,0.15,6.2855,2.158
51,1.7,TRACK,1,1096.86,352.866,1092.551,354.864,57.08,0.992,1096.8673,352.7901,0.076,4.789,2.244
52,1.7333,TRACK,1,1095.834,351.911,1096.923,350.193,73.79,0.994,1095.6935,351.9868,0.1596,2.1749,4.388
53,1.7667,TRACK,1,1094.783,344.819,1099.798,344.813,66.81,0.993,1094.7042,344.8131,0.0791,5.0941,2.302
54,1.8,TRACK,1,1105.091,337.932,1104.41,339.02,80.94,0.993,1105.0935,337.991,0.0589,1.2353,2.211
55,1.8333,TRACK,1,1111.743,332.649,1109.589,333.352,61.57,0.991,1111.7359,332.6961,0.0472,2.2449,2.253
56,1.8667,TRACK,1,1109.263,333.048,1112.949,329.492,70.72,0.993,1109.2617,333.085,0.0367,5.149,2.289
57,1.9,TRACK,1,1113.328,317.127,1116.175,321.974,62.26,0.993,1113.3013,317.1363,0.0288,5.6269,6.811
58,1.9333,TRACK,1,1134.206,316.414,1124.248,316.522,44.84,0.995,1134.2276,316.5252,0.1133,9.9798,2.235
59,1.9667,TRACK,1,1137.915,307.171,1131.497,310.005,53.36,0.987,1137.8733,307.2262,0.0689,6.9556,2.321
60,2.0,TRACK,1,1129.345,314.743,1134.86,307.035,58.97,0.989,1129.3722,314.6666,0.0814,9.4,2.215
61,2.0333,TRACK,1,1139.445,305.972,1139.775,302.961,53.58,0.993,1139.3459,306.0801,0.1462,3.1484,5.589
62,2.0667,TRACK,1,1149.134,304.063,1145.924,299.626,63.0,0.993,1149.0887,304.1316,0.0826,5.5062,6.319
63,2.1,TRACK,1,1150.65,294.082,1150.973,294.69,52.9,0.995,1150.6085,294.0099,0.0832,0.772,2.435
64,2.1333,TRACK,1,1164.238,297.212,1158.409,292.113,58.87,0.993,1164.1529,296.9894,0.2379,7.5345,2.274
65,2.1667,TRACK,1,1167.199,288.354,1164.83,287.992,73.25,0.995,1167.1924,288.3661,0.0139,2.3914,2.309
66,2.2,TRACK,1,1168.95,282.684,1170.108,283.438,65.1,0.992,1168.839,282.6527,0.1153,1.4926,2.323
67,2.2333,TRACK,1,1174.198,278.584,1175.346,278.987,64.23,0.989,1174.068,278.678,0.1601,1.3153,2.372
68,2.2667,TRACK,1,1186.2,284.34,1182.751,277.642,63.97,0.991,1186.0411,284.2643,0.1766,7.3947,2.248
69,2.3,TRACK,1,1181.948,271.788,1186.683,273.219,44.34,0.99,1181.8418,271.7008,0.1373,5.0738,4.372
70,2.3333,TRACK,1,1182.747,274.254,1189.984,270.701,38.65,0.993,1182.7873,274.0385,0.2191,7.9331,2.204
71,2.3667,TRACK,1,1192.209,266.989,1194.421,267.048,47.29,0.99,1192.2814,266.9722,0.0748,2.1405,2.302
72,2.4,TRACK,1,1207.205,271.858,1202.207,265.845,52.57,0.993,1207.2636,271.8744,0.0608,7.8693,2.235
73,2.4333,TRACK,1,1213.001,266.896,1209.62,263.882,56.21,0.987,1212.9156,266.9123,0.087,4.477,2.343
74,2.4667,TRACK,1,1211.664,263.712,1214.442,261.692,49.59,0.987,1211.7738,263.7193,0.1096,3.3508,2.198
75,2.5,TRACK,1,1213.655,269.887,1218.262,262.032,48.23,0.99,1213.402,270.0493,0.3011,9.375,2.457
76,2.5333,TRACK,1,1221.815,261.197,1223.097,260.27,43.74,0.988,1221.9002,261.1326,0.1066,1.475,2.235
77,2.5667,TRACK,1,1224.432,260.681,1227.167,258.96,58.37,0.992,1224.4801,260.6971,0.0509,3.1994,2.311
78,2.6,TRACK,1,1228.565,262.536,1231.149,258.846,47.28,0.996,1228.6958,262.6581,0.1784,4.5335,6.81
79,2.6333,TRACK,1,1234.543,263.574,1235.64,259.335,54.12,0.987,1234.4926,263.584,0.0512,4.4012,6.38
80,2.6667,TRACK,1,1241.313,262.641,1240.828,259.661,53.03,0.991,1241.3134,262.6913,0.0501,3.0688,2.251
81,2.7,TRACK,1,1256.971,263.699,1249.607,260.645,48.41,0.992,1257.0684,263.8523,0.1817,8.1213,2.345
82,2.7333,TRACK,1,1257.117,251.213,1255.818,257.342,40.73,0.99,1257.0657,251.0436,0.1766,6.4211,2.272
83,2.7667,TRACK,1,1255.817,258.293,1259.692,257.084,55.32,0.99,1255.7608,258.1353,0.1677,4.0697,2.304
84,2.8,TRACK,1,1261.312,261.576,1263.903,257.922,40.59,0.983,1261.4964,261.4343,0.232,4.2576,10.328
85,2.8333,TRACK,1,1276.956,254.382,1271.654,256.733,55.73,0.995,1277.0093,254.4538,0.0895,5.8202,2.232
86,2.8667,TRACK,1,1275.103,250.732,1276.621,254.707,45.53,0.986,1275.1065,250.7825,0.0504,4.2062,6.415
87,2.9,TRACK,1,1283.097,254.169,1282.448,254.102,44.77,0.993,1283.0981,254.1665,0.0024,0.6535,2.284
88,2.9333,TRACK,1,1294.723,255.277,1289.847,254.068,41.27,0.981,1294.4718,255.1398,0.2857,4.7477,2.298
89,2.9667,TRACK,1,1295.986,264.165,1295.858,257.215,59.54,0.993,1296.0404,264.2427,0.095,7.0297,6.388
90,3.0,TRACK,1,1295.392,258.891,1299.817,257.913,43.89,0.992,1295.2746,259.0482,0.1956,4.682,6.373
91,3.0333,TRACK,1,1304.035,251.63,1304.982,256.068,53.71,0.993,1303.9748,251.6025,0.0664,4.5772,4.224
92,3.0667,TRACK,1,1314.803,253.142,1311.851,255.055,53.78,0.99,1314.8825,253.3362,0.21,3.485,2.245
93,3.1,TRACK,1,1307.506,265.275,1314.54,258.163,30.83,0.992,1307.5208,265.1725,0.1035,9.9195,6.409
94,3.1333,TRACK,1,1318.316,264.583,1319.343,260.35,37.3,0.991,1318.4839,264.5562,0.1704,4.2926,6.461
95,3.1667,TRACK,1,1316.385,256.484,1321.963,259.767,55.78,0.99,1316.4007,256.4991,0.0217,6.4512,10.401
96,3.2,TRACK,1,1322.719,271.588,1325.368,264.117,57.5,0.989,1322.9102,271.5726,0.1917,7.8505,2.158
97,3.2333,TRACK,1,1332.825,261.262,1330.766,264.174,29.28,0.992,1333.0694,261.283,0.2451,3.6961,2.28
98,3.2667,TRACK,1,1337.745,268.424,1336.088,266.192,51.15,0.993,1337.7437,268.3325,0.0914,2.7063,6.316
99,3.3,TRACK,1,1342.062,265.26,1341.183,266.875,49.0,0.992,1342.0103,265.2919,0.0612,1.7864,6.426
100,3.3333,TRACK,1,1342.75,279.035,1344.825,271.404,34.96,0.984,1342.7565,278.9683,0.0671,7.8416,6.356
101,3.3667,TRACK,1,1352.385,277.176,1350.322,274.465,49.96,0.993,1352.4,277.2619,0.0874,3.4846,10.374
102,3.4,TRACK,1,1362.813,287.419,1357.495,279.874,49.59,0.988,1362.8319,287.4299,0.0214,9.2507,2.146
103,3.4333,TRACK,1,1365.473,285.802,1363.529,283.653,72.64,0.988,1365.4529,285.822,0.0288,2.8989,2.349
104,3.4667,TRACK,1,1360.981,285.672,1366.248,286.499,64.01,0.988,1361.0749,285.7862,0.148,5.2218,2.322
105,3.5,TRACK,1,1362.277,283.504,1368.236,287.913,68.69,0.99,1362.2045,283.5669,0.0964,7.4342,2.273
106,3.5333,TRACK,1,1371.494,296.164,1372.139,292.574,61.92,0.992,1371.4481,296.3187,0.1616,3.8083,2.464
107,3.5667,TRACK,1,1372.845,284.825,1375.318,292.449,49.97,0.991,1372.6257,284.9226,0.2397,7.9931,2.256
108,3.6,TRACK,1,1387.856,299.437,1381.621,296.343,51.7,0.991,1387.8152,299.6169,0.1843,7.0066,2.254
109,3.6333,TRACK,1,1382.004,302.802,1384.904,300.379,57.53,0.991,1381.9507,302.641,0.1693,3.7201,2.272
110,3.6667,TRACK,1,1387.359,306.337,1388.566,304.405,69.81,0.989,1387.4015,306.4519,0.1223,2.3554,2.245
111,3.7,TRACK,1,1388.325,309.477,1391.417,308.375,76.75,0.993,1388.3093,309.487,0.0187,3.3005,2.295
112,3.7333,TRACK,1,1394.893,304.452,1395.177,309.823,73.69,1.0,1394.8931,304.502,0.0503,5.3287,6.338
113,3.7667,TRACK,1,1402.078,321.869,1399.803,315.707,43.67,0.994,1402.1844,321.7094,0.1919,6.4576,6.442
114,3.8,TRACK,1,1395.095,325.644,1401.085,321.477,55.89,0.991,1395.1601,325.6659,0.0685,7.2562,2.19
115,3.8333,TRACK,1,1409.72,321.709,1406.043,324.426,51.01,0.991,1409.7426,321.5563,0.1547,4.6819,2.352
116,3.8667,TRACK,1,1410.257,333.05,1409.802,329.738,42.91,0.991,1410.1882,332.8806,0.1826,3.1665,6.26
117,3.9,TRACK,1,1407.835,337.019,1411.761,334.926,51.43,0.985,1407.716,337.0645,0.1271,4.5756,6.363
118,3.9333,TRACK,1,1413.202,336.144,1414.546,338.574,59.64,0.989,1413.1015,336.0782,0.12,2.8842,2.206
119,3.9667,TRACK,1,1418.702,336.991,1418.088,341.326,53.75,0.99,1418.7024,336.8905,0.1007,4.4777,6.309
120,4.0,TRACK,1,1417.895,340.078,1420.365,344.099,64.57,0.993,1417.9036,339.953,0.1257,4.822,2.229
121,4.0333,TRACK,1,1419.06,346.11,1422.153,347.594,70.19,0.996,1419.0419,346.1634,0.0563,3.4242,2.196
122,4.0667,TRACK,1,1421.826,357.469,1423.927,353.312,57.27,0.99,1421.5813,357.4077,0.2521,4.72,6.335
123,4.1,TRACK,1,1422.511,362.208,1425.218,358.976,40.54,0.994,1422.3148,362.2135,0.1967,4.3488,2.294
124,4.1333,TRACK,1,1439.352,369.72,1431.665,364.965,49.75,0.992,1439.3485,369.6859,0.0343,9.018,10.286
125,4.1667,TRACK,1,1436.579,371.266,1435.298,370.185,62.07,0.991,1436.7356,371.3222,0.1663,1.8331,2.244
126,4.2,TRACK,1,1438.424,376.522,1438.391,375.483,63.7,0.99,1438.4106,376.6175,0.0963,1.1351,3.874
127,4.2333,TRACK,1,1431.728,383.115,1437.856,381.616,66.05,0.994,1431.8141,383.203,0.1233,6.247,10.389
128,4.2667,TRACK,1,1439.865,378.502,1440.253,383.763,45.79,0.998,1439.7122,378.6013,0.1823,5.1896,6.366
129,4.3,TRACK,1,1443.829,385.101,1443.01,387.332,59.69,0.992,1443.8616,385.0854,0.0364,2.4026,6.42
130,4.3333,TRACK,1,1447.956,400.057,1446.066,394.463,65.82,0.995,1447.9403,400.0703,0.0203,5.9126,6.327
131,4.3667,TRACK,1,1453.66,399.68,1450.039,399.455,48.62,0.989,1453.4989,399.5602,0.2011,3.4614,6.369
132,4.4,TRACK,1,1441.301,402.19,1449.006,403.907,49.06,0.996,1441.2244,402.33,0.16,7.9394,6.389
133,4.4333,TRACK,1,1457.028,419.83,1452.631,412.505,64.3,0.991,1457.0576,419.7493,0.0855,8.4897,2.261
134,4.4667,TRACK,1,1445.197,424.785,1451.984,420.511,55.27,0.995,1445.0893,424.8973,0.156,8.1721,2.333
135,4.5,TRACK,1,1447.153,426.948,1451.843,426.845,64.51,0.992,1447.1552,426.9484,0.0023,4.6888,2.304
136,4.5333,TRACK,1,1448.66,435.499,1451.815,433.919,62.24,0.991,1448.6301,435.5553,0.0644,3.5808,2.235
137,4.5667,TRACK,1,1447.211,435.161,1451.204,438.676,57.93,0.994,1447.2232,435.199,0.0402,5.2855,2.271
138,4.6,TRACK,1,1453.614,448.172,1452.441,446.001,66.88,0.995,1453.5088,448.2463,0.1287,2.4867,6.461
139,4.6333,TRACK,1,1459.488,450.017,1455.3,451.596,62.41,0.992,1459.4966,449.9596,0.0583,4.5042,2.341
140,4.6667,TRACK,1,1455.363,460.164,1455.908,458.707,69.34,0.997,1455.3644,460.2558,0.0921,1.6414,10.429
141,4.7,TRACK,1,1455.274,458.035,1456.321,463.158,64.53,0.995,1455.3343,458.0115,0.0651,5.2404,6.364
142,4.7333,TRACK,1,1458.264,468.099,1457.538,468.978,57.81,0.992,1458.2609,468.0372,0.0616,1.1866,2.137
143,4.7667,TRACK,1,1463.275,474.934,1460.268,474.952,64.42,0.993,1463.3008,474.8889,0.0522,3.0337,6.432
144,4.8,TRACK,1,1457.656,477.114,1460.123,479.887,55.24,0.993,1457.6322,477.0369,0.081,3.7844,2.222
145,4.8333,TRACK,1,1464.897,489.436,1462.369,486.984,47.83,0.992,1464.9639,489.4244,0.0676,3.5625,6.387
146,4.8667,TRACK,1,1470.551,488.821,1466.01,491.601,38.58,0.989,1470.3869,488.7102,0.1981,5.2449,2.307
147,4.9,TRACK,1,1469.592,501.324,1468.489,498.652,37.04,0.993,1469.4734,501.3671,0.1259,2.8879,2.214
148,4.9333,TRACK,1,1464.358,507.127,1468.471,505.432,32.92,0.989,1464.3694,507.4448,0.3185,4.5687,2.184
149,4.9667,TRACK,1,1457.682,504.591,1464.864,509.71,41.11,0.993,1457.7104,504.6386,0.055,8.7689,2.332
150,5.0,TRACK,1,1463.882,513.739,1464.699,515.11,58.44,0.989,1463.7707,513.6438,0.1464,1.7356,2.249
151,5.0333,TRACK,1,1458.33,513.189,1462.001,518.571,53.14,0.994,1458.2728,513.2415,0.0773,6.5044,2.23
152,5.0667,TRACK,1,1460.131,518.662,1460.945,522.292,51.43,0.991,1460.1282,518.8176,0.1559,3.5695,10.721
153,5.1,TRACK,1,1461.22,533.474,1460.642,529.246,58.86,0.99,1461.3271,533.534,0.123,4.3426,6.269
154,5.1333,TRACK,1,1463.081,532.024,1460.969,533.932,67.72,0.995,1462.9979,531.9082,0.1432,2.8654,10.299
155,5.1667,TRACK,1,1467.233,546.126,1463.369,541.155,61.42,0.987,1467.1734,546.1494,0.0635,6.278,6.28
156,5.2,TRACK,1,1455.607,546.801,1459.595,546.691,51.12,0.995,1455.5266,546.822,0.0829,4.071,2.15
157,5.2333,TRACK,1,1469.667,562.597,1462.59,554.816,45.03,0.994,1469.7492,562.5366,0.1021,10.5289,6.355
158,5.2667,TRACK,1,1462.845,562.518,1462.723,561.208,75.33,0.992,1462.8514,562.6474,0.13,1.4453,2.283
159,5.3,TRACK,1,1457.301,571.977,1460.896,568.375,60.27,0.994,1457.2038,572.0662,0.1317,5.2204,2.35
160,5.3333,TRACK,1,1455.246,568.137,1458.715,572.832,68.09,0.993,1455.061,568.0285,0.2143,6.0349,2.293
161,5.3667,TRACK,1,1459.49,572.548,1458.508,577.297,49.19,0.994,1459.6656,572.441,0.2063,4.9919,2.334
162,5.4,TRACK,1,1456.075,578.981,1457.372,581.944,46.93,0.987,1456.1948,578.8975,0.1458,3.2655,6.368
163,5.4333,TRACK,1,1463.027,583.141,1458.476,586.401,45.79,0.994,1463.039,583.2748,0.1346,5.531,2.304
164,5.4667,TRACK,1,1456.029,598.403,1457.467,593.714,35.13,0.988,1456.5298,598.417,0.5007,4.7957,6.393
165,5.5,TRACK,1,1468.101,598.726,1460.355,599.241,59.23,0.999,1467.8593,598.9959,0.3623,7.5085,2.29
166,5.5333,TRACK,1,1462.191,603.419,1460.989,604.555,50.56,0.991,1462.187,603.4121,0.0078,1.6558,10.36
167,5.5667,TRACK,1,1466.089,616.908,1462.591,611.835,71.4,0.992,1466.122,616.9706,0.071,6.2322,6.384
168,5.6,TRACK,1,1462.705,613.058,1462.932,616.547,64.61,0.988,1462.6589,613.0425,0.049,3.5148,2.197
169,5.6333,TRACK,1,1451.281,614.772,1459.932,620.388,60.83,0.992,1451.1587,614.7957,0.1251,10.4043,10.367
170,5.6667,TRACK,1,1462.7,630.532,1460.595,627.113,64.48,0.991,1462.6338,630.4711,0.0898,3.9289,2.185
171,5.7,TRACK,1,1454.967,634.333,1459.024,633.101,55.62,0.991,1454.9805,634.3836,0.0526,4.2422,6.516
172,5.7333,TRACK,1,1459.649,636.235,1458.998,638.157,75.64,0.992,1459.6982,636.2342,0.0489,2.0463,2.237
173,5.7667,TRACK,1,1455.175,635.072,1457.964,641.413,77.88,0.992,1455.0984,635.0785,0.0767,6.9519,6.349
174,5.8,TRACK,1,1444.682,652.09,1454.782,648.066,64.61,0.993,1444.7255,652.0876,0.0431,10.8305,6.623
175,5.8333,TRACK,1,1448.761,643.962,1452.481,651.214,61.35,0.985,1448.6711,643.8523,0.142,8.2893,2.243
176,5.8667,TRACK,1,1454.668,655.762,1452.368,656.238,67.5,0.984,1454.818,655.6982,0.1634,2.5087,2.299
177,5.9,TRACK,1,1450.837,664.208,1451.301,661.987,42.13,0.989,1450.7463,663.9971,0.2293,2.0857,6.428
178,5.9333,TRACK,1,1443.225,659.816,1448.587,665.182,84.89,1.0,1443.2629,659.7887,0.0466,7.5786,10.389
179,5.9667,TRACK,1,1440.74,665.028,1445.624,668.851,44.36,0.994,1440.802,664.9721,0.0833,6.1884,2.234
